record_time,product_name,recipe_name,serial_no,final_result,camera1_result,camera2_result,duration_ms,is_error,error_code,error_message,lock_required,release_required,release_result,cam1_capture_ms,cam1_detail,cam1_image_path,cam1_infer_ms,cam1_match_ms,cam1_result,camera_count,camera_results_summary,capture_ms,created_at,infer_ms,item_01_algorithm_code,item_01_camera,item_01_detail,item_01_enabled,item_01_id,item_01_name,item_01_params_json,item_01_result,item_01_roi_label,item_count,item_results_json,item_results_summary,match_ms,task_id
2026-03-24 10:16:35,20261026_250A,line2dup_recipe.json,,PRECHECK_FAILED,NG,,0,True,,please generate and save a line2dup template first,False,False,,0.0,,,0.0,0.0,NG,1,cam1:NG,0.0,2026-03-24T10:16:35,0.0,shared_backbone_register,cam1,,True,roi,roi,{},NG,roi,1,"[{""item_id"": ""roi"", ""display_name"": ""roi"", ""camera_id"": ""cam1"", ""roi_label"": ""roi"", ""algorithm_code"": ""shared_backbone_register"", ""enabled"": true, ""params"": {}, ""result"": ""NG"", ""detail"": """"}]",roi:NG,0.0,runtime_20260324_101635_303744
2026-03-24 10:27:14,20261026_250A,line2dup_recipe.json,,NG,NG,,574,True,,line2dup did not find any match,True,True,pending,0.0,,C:\Users\goney\Desktop\MatchTemplate2\EmbeddingTest\.qr_session\20261026_250A\runtime_capture\20260324_102714_217656_cam1.png,0.0,0.0,NG,1,cam1:NG,0.0,2026-03-24T10:27:14,0.0,shared_backbone_register,cam1,,True,roi1,二次锁,{},NG,roi1,shared_backbone_register,cam1,,True,roi2,密封圈1,{},NG,roi2,shared_backbone_register,cam1,,True,roi3,密封圈2,{},NG,roi3,3,"[{""item_id"": ""roi1"", ""display_name"": ""二次锁"", ""camera_id"": ""cam1"", ""roi_label"": ""roi1"", ""algorithm_code"": ""shared_backbone_register"", ""enabled"": true, ""params"": {}, ""result"": ""NG"", ""detail"": """"}, {""item_id"": ""roi2"", ""display_name"": ""密封圈1"", ""camera_id"": ""cam1"", ""roi_label"": ""roi2"", ""algorithm_code"": ""shared_backbone_register"", ""enabled"": true, ""params"": {}, ""result"": ""NG"", ""detail"": """"}, {""item_id"": ""roi3"", ""display_name"": ""密封圈2"", ""camera_id"": ""cam1"", ""roi_label"": ""roi3"", ""algorithm_code"": ""shared_backbone_register"", ""enabled"": true, ""params"": {}, ""result"": ""NG"", ""detail"": """"}]",二次锁:NG; 密封圈1:NG; 密封圈2:NG,0.0,runtime_20260324_102714_804886
2026-03-24 10:27:26,20261026_250A,line2dup_recipe.json,,NG,NG,,1316,False,,,True,True,pending,21.214899999904446,"20260324_102724_806051_cam1.png pred=NG NG: 二次锁, 密封圈1, 密封圈2 match=401.9ms infer=513.8ms",C:\Users\goney\Desktop\MatchTemplate2\EmbeddingTest\.qr_session\20261026_250A\runtime_capture\20260324_102724_806051_cam1.png,513.7608999939403,401.8567999883089,NG,1,cam1:NG,21.214899999904446,2026-03-24T10:27:26,513.7608999939403,shared_backbone_register,cam1,diff=-0.5588 match=401.9ms infer=169.9ms,True,roi1,二次锁,{},NG,roi1,shared_backbone_register,cam1,diff=-0.4930 match=401.9ms infer=175.5ms,True,roi2,密封圈1,{},NG,roi2,shared_backbone_register,cam1,diff=-0.3008 match=401.9ms infer=168.3ms,True,roi3,密封圈2,{},NG,roi3,3,"[{""item_id"": ""roi1"", ""display_name"": ""二次锁"", ""camera_id"": ""cam1"", ""roi_label"": ""roi1"", ""algorithm_code"": ""shared_backbone_register"", ""enabled"": true, ""params"": {}, ""result"": ""NG"", ""detail"": ""diff=-0.5588 match=401.9ms infer=169.9ms""}, {""item_id"": ""roi2"", ""display_name"": ""密封圈1"", ""camera_id"": ""cam1"", ""roi_label"": ""roi2"", ""algorithm_code"": ""shared_backbone_register"", ""enabled"": true, ""params"": {}, ""result"": ""NG"", ""detail"": ""diff=-0.4930 match=401.9ms infer=175.5ms""}, {""item_id"": ""roi3"", ""display_name"": ""密封圈2"", ""camera_id"": ""cam1"", ""roi_label"": ""roi3"", ""algorithm_code"": ""shared_backbone_register"", ""enabled"": true, ""params"": {}, ""result"": ""NG"", ""detail"": ""diff=-0.3008 match=401.9ms infer=168.3ms""}]",二次锁:NG; 密封圈1:NG; 密封圈2:NG,401.8567999883089,runtime_20260324_102726_257570
2026-03-24 10:27:40,20261026_250A,line2dup_recipe.json,,OK,OK,,1443,False,,,False,False,,21.658500001649372,20260324_102738_500248_cam1.png pred=OK 3 items OK match=504.7ms infer=508.9ms,,508.93840000208,504.6696999925189,OK,1,cam1:OK,21.658500001649372,2026-03-24T10:27:40,508.93840000208,shared_backbone_register,cam1,diff=0.1683 match=504.7ms infer=172.5ms,True,roi1,二次锁,{},OK,roi1,shared_backbone_register,cam1,diff=0.3009 match=504.7ms infer=170.4ms,True,roi2,密封圈1,{},OK,roi2,shared_backbone_register,cam1,diff=0.1826 match=504.7ms infer=166.0ms,True,roi3,密封圈2,{},OK,roi3,3,"[{""item_id"": ""roi1"", ""display_name"": ""二次锁"", ""camera_id"": ""cam1"", ""roi_label"": ""roi1"", ""algorithm_code"": ""shared_backbone_register"", ""enabled"": true, ""params"": {}, ""result"": ""OK"", ""detail"": ""diff=0.1683 match=504.7ms infer=172.5ms""}, {""item_id"": ""roi2"", ""display_name"": ""密封圈1"", ""camera_id"": ""cam1"", ""roi_label"": ""roi2"", ""algorithm_code"": ""shared_backbone_register"", ""enabled"": true, ""params"": {}, ""result"": ""OK"", ""detail"": ""diff=0.3009 match=504.7ms infer=170.4ms""}, {""item_id"": ""roi3"", ""display_name"": ""密封圈2"", ""camera_id"": ""cam1"", ""roi_label"": ""roi3"", ""algorithm_code"": ""shared_backbone_register"", ""enabled"": true, ""params"": {}, ""result"": ""OK"", ""detail"": ""diff=0.1826 match=504.7ms infer=166.0ms""}]",二次锁:OK; 密封圈1:OK; 密封圈2:OK,504.6696999925189,runtime_20260324_102740_074097
2026-03-24 10:27:47,20261026_250A,line2dup_recipe.json,,NG,NG,,682,True,,line2dup did not find any match,True,True,pending,0.0,,C:\Users\goney\Desktop\MatchTemplate2\EmbeddingTest\.qr_session\20261026_250A\runtime_capture\20260324_102746_557715_cam1.png,0.0,0.0,NG,1,cam1:NG,0.0,2026-03-24T10:27:47,0.0,shared_backbone_register,cam1,diff=0.1683 match=504.7ms infer=172.5ms,True,roi1,二次锁,{},OK,roi1,shared_backbone_register,cam1,diff=0.3009 match=504.7ms infer=170.4ms,True,roi2,密封圈1,{},OK,roi2,shared_backbone_register,cam1,diff=0.1826 match=504.7ms infer=166.0ms,True,roi3,密封圈2,{},OK,roi3,3,"[{""item_id"": ""roi1"", ""display_name"": ""二次锁"", ""camera_id"": ""cam1"", ""roi_label"": ""roi1"", ""algorithm_code"": ""shared_backbone_register"", ""enabled"": true, ""params"": {}, ""result"": ""OK"", ""detail"": ""diff=0.1683 match=504.7ms infer=172.5ms""}, {""item_id"": ""roi2"", ""display_name"": ""密封圈1"", ""camera_id"": ""cam1"", ""roi_label"": ""roi2"", ""algorithm_code"": ""shared_backbone_register"", ""enabled"": true, ""params"": {}, ""result"": ""OK"", ""detail"": ""diff=0.3009 match=504.7ms infer=170.4ms""}, {""item_id"": ""roi3"", ""display_name"": ""密封圈2"", ""camera_id"": ""cam1"", ""roi_label"": ""roi3"", ""algorithm_code"": ""shared_backbone_register"", ""enabled"": true, ""params"": {}, ""result"": ""OK"", ""detail"": ""diff=0.1826 match=504.7ms infer=166.0ms""}]",二次锁:OK; 密封圈1:OK; 密封圈2:OK,0.0,runtime_20260324_102747_382225
2026-03-24 10:28:04,20261026_250A,line2dup_recipe.json,,NG,NG,,773,True,,line2dup did not find any match,True,True,pending,0.0,,C:\Users\goney\Desktop\MatchTemplate2\EmbeddingTest\.qr_session\20261026_250A\runtime_capture\20260324_102803_377688_cam1.png,0.0,0.0,NG,1,cam1:NG,0.0,2026-03-24T10:28:04,0.0,shared_backbone_register,cam1,diff=0.1683 match=504.7ms infer=172.5ms,True,roi1,二次锁,{},OK,roi1,shared_backbone_register,cam1,diff=0.3009 match=504.7ms infer=170.4ms,True,roi2,密封圈1,{},OK,roi2,shared_backbone_register,cam1,diff=0.1826 match=504.7ms infer=166.0ms,True,roi3,密封圈2,{},OK,roi3,3,"[{""item_id"": ""roi1"", ""display_name"": ""二次锁"", ""camera_id"": ""cam1"", ""roi_label"": ""roi1"", ""algorithm_code"": ""shared_backbone_register"", ""enabled"": true, ""params"": {}, ""result"": ""OK"", ""detail"": ""diff=0.1683 match=504.7ms infer=172.5ms""}, {""item_id"": ""roi2"", ""display_name"": ""密封圈1"", ""camera_id"": ""cam1"", ""roi_label"": ""roi2"", ""algorithm_code"": ""shared_backbone_register"", ""enabled"": true, ""params"": {}, ""result"": ""OK"", ""detail"": ""diff=0.3009 match=504.7ms infer=170.4ms""}, {""item_id"": ""roi3"", ""display_name"": ""密封圈2"", ""camera_id"": ""cam1"", ""roi_label"": ""roi3"", ""algorithm_code"": ""shared_backbone_register"", ""enabled"": true, ""params"": {}, ""result"": ""OK"", ""detail"": ""diff=0.1826 match=504.7ms infer=166.0ms""}]",二次锁:OK; 密封圈1:OK; 密封圈2:OK,0.0,runtime_20260324_102804_294358
2026-03-24 10:31:35,20261026_250A,line2dup_recipe.json,,OK,OK,,1475,False,,,False,False,,106.68140000780113,20260324_103133_639957_cam1.png pred=OK 3 items OK match=411.5ms infer=553.7ms,,553.7295000103768,411.5353000088362,OK,1,cam1:OK,106.68140000780113,2026-03-24T10:31:35,553.7295000103768,shared_backbone_register,cam1,diff=0.1890 match=411.5ms infer=183.9ms,True,roi1,二次锁,{},OK,roi1,shared_backbone_register,cam1,diff=0.0926 match=411.5ms infer=176.3ms,True,roi2,密封圈1,{},OK,roi2,shared_backbone_register,cam1,diff=0.1555 match=411.5ms infer=193.5ms,True,roi3,密封圈2,{},OK,roi3,3,"[{""item_id"": ""roi1"", ""display_name"": ""二次锁"", ""camera_id"": ""cam1"", ""roi_label"": ""roi1"", ""algorithm_code"": ""shared_backbone_register"", ""enabled"": true, ""params"": {}, ""result"": ""OK"", ""detail"": ""diff=0.1890 match=411.5ms infer=183.9ms""}, {""item_id"": ""roi2"", ""display_name"": ""密封圈1"", ""camera_id"": ""cam1"", ""roi_label"": ""roi2"", ""algorithm_code"": ""shared_backbone_register"", ""enabled"": true, ""params"": {}, ""result"": ""OK"", ""detail"": ""diff=0.0926 match=411.5ms infer=176.3ms""}, {""item_id"": ""roi3"", ""display_name"": ""密封圈2"", ""camera_id"": ""cam1"", ""roi_label"": ""roi3"", ""algorithm_code"": ""shared_backbone_register"", ""enabled"": true, ""params"": {}, ""result"": ""OK"", ""detail"": ""diff=0.1555 match=411.5ms infer=193.5ms""}]",二次锁:OK; 密封圈1:OK; 密封圈2:OK,411.5353000088362,runtime_20260324_103135_169532
2026-03-24 10:37:37,20261026_250A,line2dup_recipe.json,,OK,OK,,1509,False,,,False,False,,107.05730000336189,20260324_103735_543044_cam1.png pred=OK 3 items OK match=464.4ms infer=529.7ms,,529.7484000038821,464.4092999951681,OK,1,cam1:OK,107.05730000336189,2026-03-24T10:37:37,529.7484000038821,shared_backbone_register,cam1,diff=0.3635 match=464.4ms infer=178.1ms,True,roi1,二次锁,{},OK,roi1,shared_backbone_register,cam1,diff=0.1497 match=464.4ms infer=175.8ms,True,roi2,密封圈1,{},OK,roi2,shared_backbone_register,cam1,diff=0.2013 match=464.4ms infer=175.9ms,True,roi3,密封圈2,{},OK,roi3,3,"[{""item_id"": ""roi1"", ""display_name"": ""二次锁"", ""camera_id"": ""cam1"", ""roi_label"": ""roi1"", ""algorithm_code"": ""shared_backbone_register"", ""enabled"": true, ""params"": {}, ""result"": ""OK"", ""detail"": ""diff=0.3635 match=464.4ms infer=178.1ms""}, {""item_id"": ""roi2"", ""display_name"": ""密封圈1"", ""camera_id"": ""cam1"", ""roi_label"": ""roi2"", ""algorithm_code"": ""shared_backbone_register"", ""enabled"": true, ""params"": {}, ""result"": ""OK"", ""detail"": ""diff=0.1497 match=464.4ms infer=175.8ms""}, {""item_id"": ""roi3"", ""display_name"": ""密封圈2"", ""camera_id"": ""cam1"", ""roi_label"": ""roi3"", ""algorithm_code"": ""shared_backbone_register"", ""enabled"": true, ""params"": {}, ""result"": ""OK"", ""detail"": ""diff=0.2013 match=464.4ms infer=175.9ms""}]",二次锁:OK; 密封圈1:OK; 密封圈2:OK,464.4092999951681,runtime_20260324_103737_107805
2026-03-24 10:41:09,20261026_250A,line2dup_recipe.json,,OK,OK,,2243,False,,,False,False,,22.63080001284834,20260324_104106_574950_cam1.png pred=OK 3 items OK match=626.5ms infer=872.2ms,,872.2081000014441,626.4721999905305,OK,1,cam1:OK,22.63080001284834,2026-03-24T10:41:09,872.2081000014441,shared_backbone_register,cam1,diff=0.3493 match=626.5ms infer=295.2ms,True,roi1,二次锁,{},OK,roi1,shared_backbone_register,cam1,diff=0.1199 match=626.5ms infer=274.1ms,True,roi2,密封圈1,{},OK,roi2,shared_backbone_register,cam1,diff=0.2003 match=626.5ms infer=302.9ms,True,roi3,密封圈2,{},OK,roi3,3,"[{""item_id"": ""roi1"", ""display_name"": ""二次锁"", ""camera_id"": ""cam1"", ""roi_label"": ""roi1"", ""algorithm_code"": ""shared_backbone_register"", ""enabled"": true, ""params"": {}, ""result"": ""OK"", ""detail"": ""diff=0.3493 match=626.5ms infer=295.2ms""}, {""item_id"": ""roi2"", ""display_name"": ""密封圈1"", ""camera_id"": ""cam1"", ""roi_label"": ""roi2"", ""algorithm_code"": ""shared_backbone_register"", ""enabled"": true, ""params"": {}, ""result"": ""OK"", ""detail"": ""diff=0.1199 match=626.5ms infer=274.1ms""}, {""item_id"": ""roi3"", ""display_name"": ""密封圈2"", ""camera_id"": ""cam1"", ""roi_label"": ""roi3"", ""algorithm_code"": ""shared_backbone_register"", ""enabled"": true, ""params"": {}, ""result"": ""OK"", ""detail"": ""diff=0.2003 match=626.5ms infer=302.9ms""}]",二次锁:OK; 密封圈1:OK; 密封圈2:OK,626.4721999905305,runtime_20260324_104109_029364
2026-03-24 10:41:16,20261026_250A,line2dup_recipe.json,,NG,NG,,1533,False,,,True,True,pending,22.18130000983365,"20260324_104114_494443_cam1.png pred=NG NG: 二次锁, 密封圈1, 密封圈2 match=418.1ms infer=603.7ms",C:\Users\goney\Desktop\MatchTemplate2\EmbeddingTest\.qr_session\20261026_250A\runtime_capture\20260324_104114_494443_cam1.png,603.7318000162486,418.07889999472536,NG,1,cam1:NG,22.18130000983365,2026-03-24T10:41:16,603.7318000162486,shared_backbone_register,cam1,diff=-0.1867 match=418.1ms infer=205.6ms,True,roi1,二次锁,{},NG,roi1,shared_backbone_register,cam1,diff=-0.2750 match=418.1ms infer=200.5ms,True,roi2,密封圈1,{},NG,roi2,shared_backbone_register,cam1,diff=-0.0950 match=418.1ms infer=197.6ms,True,roi3,密封圈2,{},NG,roi3,3,"[{""item_id"": ""roi1"", ""display_name"": ""二次锁"", ""camera_id"": ""cam1"", ""roi_label"": ""roi1"", ""algorithm_code"": ""shared_backbone_register"", ""enabled"": true, ""params"": {}, ""result"": ""NG"", ""detail"": ""diff=-0.1867 match=418.1ms infer=205.6ms""}, {""item_id"": ""roi2"", ""display_name"": ""密封圈1"", ""camera_id"": ""cam1"", ""roi_label"": ""roi2"", ""algorithm_code"": ""shared_backbone_register"", ""enabled"": true, ""params"": {}, ""result"": ""NG"", ""detail"": ""diff=-0.2750 match=418.1ms infer=200.5ms""}, {""item_id"": ""roi3"", ""display_name"": ""密封圈2"", ""camera_id"": ""cam1"", ""roi_label"": ""roi3"", ""algorithm_code"": ""shared_backbone_register"", ""enabled"": true, ""params"": {}, ""result"": ""NG"", ""detail"": ""diff=-0.0950 match=418.1ms infer=197.6ms""}]",二次锁:NG; 密封圈1:NG; 密封圈2:NG,418.07889999472536,runtime_20260324_104116_191434
2026-03-24 10:41:32,20261026_250A,line2dup_recipe.json,,OK,OK,,1677,False,,,False,False,,22.26570001221262,20260324_104131_002176_cam1.png pred=OK 3 items OK match=551.0ms infer=615.5ms,,615.5390000058105,550.9887000080198,OK,1,cam1:OK,22.26570001221262,2026-03-24T10:41:32,615.5390000058105,shared_backbone_register,cam1,diff=0.2882 match=551.0ms infer=202.8ms,True,roi1,二次锁,{},OK,roi1,shared_backbone_register,cam1,diff=0.0327 match=551.0ms infer=198.9ms,True,roi2,密封圈1,{},OK,roi2,shared_backbone_register,cam1,diff=0.1457 match=551.0ms infer=213.8ms,True,roi3,密封圈2,{},OK,roi3,3,"[{""item_id"": ""roi1"", ""display_name"": ""二次锁"", ""camera_id"": ""cam1"", ""roi_label"": ""roi1"", ""algorithm_code"": ""shared_backbone_register"", ""enabled"": true, ""params"": {}, ""result"": ""OK"", ""detail"": ""diff=0.2882 match=551.0ms infer=202.8ms""}, {""item_id"": ""roi2"", ""display_name"": ""密封圈1"", ""camera_id"": ""cam1"", ""roi_label"": ""roi2"", ""algorithm_code"": ""shared_backbone_register"", ""enabled"": true, ""params"": {}, ""result"": ""OK"", ""detail"": ""diff=0.0327 match=551.0ms infer=198.9ms""}, {""item_id"": ""roi3"", ""display_name"": ""密封圈2"", ""camera_id"": ""cam1"", ""roi_label"": ""roi3"", ""algorithm_code"": ""shared_backbone_register"", ""enabled"": true, ""params"": {}, ""result"": ""OK"", ""detail"": ""diff=0.1457 match=551.0ms infer=213.8ms""}]",二次锁:OK; 密封圈1:OK; 密封圈2:OK,550.9887000080198,runtime_20260324_104132_843805
2026-03-24 10:41:39,20261026_250A,line2dup_recipe.json,,NG,NG,,1504,False,,,True,True,pending,21.33089999551885,"20260324_104137_847212_cam1.png pred=NG NG: 二次锁, 密封圈1 match=420.4ms infer=585.3ms",C:\Users\goney\Desktop\MatchTemplate2\EmbeddingTest\.qr_session\20261026_250A\runtime_capture\20260324_104137_847212_cam1.png,585.3413000004366,420.4211000032956,NG,1,cam1:NG,21.33089999551885,2026-03-24T10:41:39,585.3413000004366,shared_backbone_register,cam1,diff=-0.0566 match=420.4ms infer=198.6ms,True,roi1,二次锁,{},NG,roi1,shared_backbone_register,cam1,diff=0.0162 match=420.4ms infer=193.7ms,True,roi2,密封圈1,{},NG,roi2,shared_backbone_register,cam1,diff=0.0802 match=420.4ms infer=193.0ms,True,roi3,密封圈2,{},OK,roi3,3,"[{""item_id"": ""roi1"", ""display_name"": ""二次锁"", ""camera_id"": ""cam1"", ""roi_label"": ""roi1"", ""algorithm_code"": ""shared_backbone_register"", ""enabled"": true, ""params"": {}, ""result"": ""NG"", ""detail"": ""diff=-0.0566 match=420.4ms infer=198.6ms""}, {""item_id"": ""roi2"", ""display_name"": ""密封圈1"", ""camera_id"": ""cam1"", ""roi_label"": ""roi2"", ""algorithm_code"": ""shared_backbone_register"", ""enabled"": true, ""params"": {}, ""result"": ""NG"", ""detail"": ""diff=0.0162 match=420.4ms infer=193.7ms""}, {""item_id"": ""roi3"", ""display_name"": ""密封圈2"", ""camera_id"": ""cam1"", ""roi_label"": ""roi3"", ""algorithm_code"": ""shared_backbone_register"", ""enabled"": true, ""params"": {}, ""result"": ""OK"", ""detail"": ""diff=0.0802 match=420.4ms infer=193.0ms""}]",二次锁:NG; 密封圈1:NG; 密封圈2:OK,420.4211000032956,runtime_20260324_104139_512447
2026-03-24 10:41:53,20261026_250A,line2dup_recipe.json,,NG,NG,,1518,False,,,True,True,pending,21.996800001943484,20260324_104151_879237_cam1.png pred=NG NG: 密封圈2 diff=-0.0210 match=425.0ms infer=585.2ms,C:\Users\goney\Desktop\MatchTemplate2\EmbeddingTest\.qr_session\20261026_250A\runtime_capture\20260324_104151_879237_cam1.png,585.174800013192,425.0211000035051,NG,1,cam1:NG,21.996800001943484,2026-03-24T10:41:53,585.174800013192,shared_backbone_register,cam1,diff=0.3810 match=425.0ms infer=195.7ms,True,roi1,二次锁,{},OK,roi1,shared_backbone_register,cam1,diff=0.1248 match=425.0ms infer=200.8ms,True,roi2,密封圈1,{},OK,roi2,shared_backbone_register,cam1,diff=-0.0210 match=425.0ms infer=188.7ms,True,roi3,密封圈2,{},NG,roi3,3,"[{""item_id"": ""roi1"", ""display_name"": ""二次锁"", ""camera_id"": ""cam1"", ""roi_label"": ""roi1"", ""algorithm_code"": ""shared_backbone_register"", ""enabled"": true, ""params"": {}, ""result"": ""OK"", ""detail"": ""diff=0.3810 match=425.0ms infer=195.7ms""}, {""item_id"": ""roi2"", ""display_name"": ""密封圈1"", ""camera_id"": ""cam1"", ""roi_label"": ""roi2"", ""algorithm_code"": ""shared_backbone_register"", ""enabled"": true, ""params"": {}, ""result"": ""OK"", ""detail"": ""diff=0.1248 match=425.0ms infer=200.8ms""}, {""item_id"": ""roi3"", ""display_name"": ""密封圈2"", ""camera_id"": ""cam1"", ""roi_label"": ""roi3"", ""algorithm_code"": ""shared_backbone_register"", ""enabled"": true, ""params"": {}, ""result"": ""NG"", ""detail"": ""diff=-0.0210 match=425.0ms infer=188.7ms""}]",二次锁:OK; 密封圈1:OK; 密封圈2:NG,425.0211000035051,runtime_20260324_104153_546819
2026-03-24 10:42:08,20261026_250A,line2dup_recipe.json,,OK,OK,,1648,False,,,False,False,,22.058499991544522,20260324_104206_928392_cam1.png pred=OK 3 items OK match=544.1ms infer=576.6ms,,576.6023000178393,544.0684999921359,OK,1,cam1:OK,22.058499991544522,2026-03-24T10:42:08,576.6023000178393,shared_backbone_register,cam1,diff=0.2401 match=544.1ms infer=176.7ms,True,roi1,二次锁,{},OK,roi1,shared_backbone_register,cam1,diff=0.1024 match=544.1ms infer=195.9ms,True,roi2,密封圈1,{},OK,roi2,shared_backbone_register,cam1,diff=0.0989 match=544.1ms infer=204.0ms,True,roi3,密封圈2,{},OK,roi3,3,"[{""item_id"": ""roi1"", ""display_name"": ""二次锁"", ""camera_id"": ""cam1"", ""roi_label"": ""roi1"", ""algorithm_code"": ""shared_backbone_register"", ""enabled"": true, ""params"": {}, ""result"": ""OK"", ""detail"": ""diff=0.2401 match=544.1ms infer=176.7ms""}, {""item_id"": ""roi2"", ""display_name"": ""密封圈1"", ""camera_id"": ""cam1"", ""roi_label"": ""roi2"", ""algorithm_code"": ""shared_backbone_register"", ""enabled"": true, ""params"": {}, ""result"": ""OK"", ""detail"": ""diff=0.1024 match=544.1ms infer=195.9ms""}, {""item_id"": ""roi3"", ""display_name"": ""密封圈2"", ""camera_id"": ""cam1"", ""roi_label"": ""roi3"", ""algorithm_code"": ""shared_backbone_register"", ""enabled"": true, ""params"": {}, ""result"": ""OK"", ""detail"": ""diff=0.0989 match=544.1ms infer=204.0ms""}]",二次锁:OK; 密封圈1:OK; 密封圈2:OK,544.0684999921359,runtime_20260324_104208_737847
2026-03-24 10:42:14,20261026_250A,line2dup_recipe.json,,OK,OK,,1565,False,,,False,False,,21.843599999556318,20260324_104212_829858_cam1.png pred=OK 3 items OK match=451.2ms infer=597.3ms,,597.2790999803692,451.24070000019856,OK,1,cam1:OK,21.843599999556318,2026-03-24T10:42:14,597.2790999803692,shared_backbone_register,cam1,diff=0.3023 match=451.2ms infer=194.3ms,True,roi1,二次锁,{},OK,roi1,shared_backbone_register,cam1,diff=0.2021 match=451.2ms infer=196.3ms,True,roi2,密封圈1,{},OK,roi2,shared_backbone_register,cam1,diff=0.1387 match=451.2ms infer=206.8ms,True,roi3,密封圈2,{},OK,roi3,3,"[{""item_id"": ""roi1"", ""display_name"": ""二次锁"", ""camera_id"": ""cam1"", ""roi_label"": ""roi1"", ""algorithm_code"": ""shared_backbone_register"", ""enabled"": true, ""params"": {}, ""result"": ""OK"", ""detail"": ""diff=0.3023 match=451.2ms infer=194.3ms""}, {""item_id"": ""roi2"", ""display_name"": ""密封圈1"", ""camera_id"": ""cam1"", ""roi_label"": ""roi2"", ""algorithm_code"": ""shared_backbone_register"", ""enabled"": true, ""params"": {}, ""result"": ""OK"", ""detail"": ""diff=0.2021 match=451.2ms infer=196.3ms""}, {""item_id"": ""roi3"", ""display_name"": ""密封圈2"", ""camera_id"": ""cam1"", ""roi_label"": ""roi3"", ""algorithm_code"": ""shared_backbone_register"", ""enabled"": true, ""params"": {}, ""result"": ""OK"", ""detail"": ""diff=0.1387 match=451.2ms infer=206.8ms""}]",二次锁:OK; 密封圈1:OK; 密封圈2:OK,451.24070000019856,runtime_20260324_104214_564003
2026-03-24 10:42:20,20261026_250A,line2dup_recipe.json,,NG,NG,,1549,False,,,True,True,pending,21.92829998966772,20260324_104218_357172_cam1.png pred=NG NG: 密封圈2 diff=0.0165 match=432.9ms infer=600.1ms,C:\Users\goney\Desktop\MatchTemplate2\EmbeddingTest\.qr_session\20261026_250A\runtime_capture\20260324_104218_357172_cam1.png,600.0592000054894,432.89419999928214,NG,1,cam1:NG,21.92829998966772,2026-03-24T10:42:20,600.0592000054894,shared_backbone_register,cam1,diff=0.2397 match=432.9ms infer=198.0ms,True,roi1,二次锁,{},OK,roi1,shared_backbone_register,cam1,diff=0.0274 match=432.9ms infer=200.9ms,True,roi2,密封圈1,{},OK,roi2,shared_backbone_register,cam1,diff=0.0165 match=432.9ms infer=201.2ms,True,roi3,密封圈2,{},NG,roi3,3,"[{""item_id"": ""roi1"", ""display_name"": ""二次锁"", ""camera_id"": ""cam1"", ""roi_label"": ""roi1"", ""algorithm_code"": ""shared_backbone_register"", ""enabled"": true, ""params"": {}, ""result"": ""OK"", ""detail"": ""diff=0.2397 match=432.9ms infer=198.0ms""}, {""item_id"": ""roi2"", ""display_name"": ""密封圈1"", ""camera_id"": ""cam1"", ""roi_label"": ""roi2"", ""algorithm_code"": ""shared_backbone_register"", ""enabled"": true, ""params"": {}, ""result"": ""OK"", ""detail"": ""diff=0.0274 match=432.9ms infer=200.9ms""}, {""item_id"": ""roi3"", ""display_name"": ""密封圈2"", ""camera_id"": ""cam1"", ""roi_label"": ""roi3"", ""algorithm_code"": ""shared_backbone_register"", ""enabled"": true, ""params"": {}, ""result"": ""NG"", ""detail"": ""diff=0.0165 match=432.9ms infer=201.2ms""}]",二次锁:OK; 密封圈1:OK; 密封圈2:NG,432.89419999928214,runtime_20260324_104220_063262
2026-03-24 10:42:51,20261026_250A,line2dup_recipe.json,,NG,NG,,1603,False,,,True,True,pending,21.941500002867542,20260324_104249_798187_cam1.png pred=NG NG: 密封圈2 diff=-0.0058 match=528.2ms infer=573.1ms,C:\Users\goney\Desktop\MatchTemplate2\EmbeddingTest\.qr_session\20261026_250A\runtime_capture\20260324_104249_798187_cam1.png,573.1141999858664,528.1891000049654,NG,1,cam1:NG,21.941500002867542,2026-03-24T10:42:51,573.1141999858664,shared_backbone_register,cam1,diff=0.0695 match=528.2ms infer=184.7ms,True,roi1,二次锁,{},OK,roi1,shared_backbone_register,cam1,diff=0.0715 match=528.2ms infer=192.5ms,True,roi2,密封圈1,{},OK,roi2,shared_backbone_register,cam1,diff=-0.0058 match=528.2ms infer=195.9ms,True,roi3,密封圈2,{},NG,roi3,3,"[{""item_id"": ""roi1"", ""display_name"": ""二次锁"", ""camera_id"": ""cam1"", ""roi_label"": ""roi1"", ""algorithm_code"": ""shared_backbone_register"", ""enabled"": true, ""params"": {}, ""result"": ""OK"", ""detail"": ""diff=0.0695 match=528.2ms infer=184.7ms""}, {""item_id"": ""roi2"", ""display_name"": ""密封圈1"", ""camera_id"": ""cam1"", ""roi_label"": ""roi2"", ""algorithm_code"": ""shared_backbone_register"", ""enabled"": true, ""params"": {}, ""result"": ""OK"", ""detail"": ""diff=0.0715 match=528.2ms infer=192.5ms""}, {""item_id"": ""roi3"", ""display_name"": ""密封圈2"", ""camera_id"": ""cam1"", ""roi_label"": ""roi3"", ""algorithm_code"": ""shared_backbone_register"", ""enabled"": true, ""params"": {}, ""result"": ""NG"", ""detail"": ""diff=-0.0058 match=528.2ms infer=195.9ms""}]",二次锁:OK; 密封圈1:OK; 密封圈2:NG,528.1891000049654,runtime_20260324_104251_567470
2026-03-24 10:43:36,20261026_250A,line2dup_recipe.json,,NG,NG,,1540,False,,,True,True,pending,22.482500004116446,20260324_104334_496668_cam1.png pred=NG NG: 密封圈2 diff=-0.0036 match=415.0ms infer=605.1ms,C:\Users\goney\Desktop\MatchTemplate2\EmbeddingTest\.qr_session\20261026_250A\runtime_capture\20260324_104334_496668_cam1.png,605.0834000197938,415.01709999283776,NG,1,cam1:NG,22.482500004116446,2026-03-24T10:43:36,605.0834000197938,shared_backbone_register,cam1,diff=0.0603 match=415.0ms infer=211.5ms,True,roi1,二次锁,{},OK,roi1,shared_backbone_register,cam1,diff=0.0844 match=415.0ms infer=198.3ms,True,roi2,密封圈1,{},OK,roi2,shared_backbone_register,cam1,diff=-0.0036 match=415.0ms infer=195.2ms,True,roi3,密封圈2,{},NG,roi3,3,"[{""item_id"": ""roi1"", ""display_name"": ""二次锁"", ""camera_id"": ""cam1"", ""roi_label"": ""roi1"", ""algorithm_code"": ""shared_backbone_register"", ""enabled"": true, ""params"": {}, ""result"": ""OK"", ""detail"": ""diff=0.0603 match=415.0ms infer=211.5ms""}, {""item_id"": ""roi2"", ""display_name"": ""密封圈1"", ""camera_id"": ""cam1"", ""roi_label"": ""roi2"", ""algorithm_code"": ""shared_backbone_register"", ""enabled"": true, ""params"": {}, ""result"": ""OK"", ""detail"": ""diff=0.0844 match=415.0ms infer=198.3ms""}, {""item_id"": ""roi3"", ""display_name"": ""密封圈2"", ""camera_id"": ""cam1"", ""roi_label"": ""roi3"", ""algorithm_code"": ""shared_backbone_register"", ""enabled"": true, ""params"": {}, ""result"": ""NG"", ""detail"": ""diff=-0.0036 match=415.0ms infer=195.2ms""}]",二次锁:OK; 密封圈1:OK; 密封圈2:NG,415.01709999283776,runtime_20260324_104336_198016
2026-03-24 11:08:02,20261026_250A,line2dup_recipe.json,,NG,NG,,695,True,,line2dup did not find any match,True,True,pending,0.0,,C:\Users\goney\Desktop\MatchTemplate2\EmbeddingTest\.qr_session\20261026_250A\runtime_capture\20260324_110802_107842_cam1.png,0.0,0.0,NG,1,cam1:NG,0.0,2026-03-24T11:08:02,0.0,shared_backbone_register,cam1,,True,roi1,二次锁,{},NG,roi1,shared_backbone_register,cam1,,True,roi2,密封圈1,{},NG,roi2,shared_backbone_register,cam1,,True,roi3,密封圈2,{},NG,roi3,3,"[{""item_id"": ""roi1"", ""display_name"": ""二次锁"", ""camera_id"": ""cam1"", ""roi_label"": ""roi1"", ""algorithm_code"": ""shared_backbone_register"", ""enabled"": true, ""params"": {}, ""result"": ""NG"", ""detail"": """"}, {""item_id"": ""roi2"", ""display_name"": ""密封圈1"", ""camera_id"": ""cam1"", ""roi_label"": ""roi2"", ""algorithm_code"": ""shared_backbone_register"", ""enabled"": true, ""params"": {}, ""result"": ""NG"", ""detail"": """"}, {""item_id"": ""roi3"", ""display_name"": ""密封圈2"", ""camera_id"": ""cam1"", ""roi_label"": ""roi3"", ""algorithm_code"": ""shared_backbone_register"", ""enabled"": true, ""params"": {}, ""result"": ""NG"", ""detail"": """"}]",二次锁:NG; 密封圈1:NG; 密封圈2:NG,0.0,runtime_20260324_110802_863752
2026-03-24 11:08:14,20261026_250A,line2dup_recipe.json,,NG,NG,,1445,False,,,True,True,pending,21.592799996142276,20260324_110812_742235_cam1.png pred=NG NG: 二次锁 diff=-0.2064 match=504.1ms infer=528.5ms,C:\Users\goney\Desktop\MatchTemplate2\EmbeddingTest\.qr_session\20261026_250A\runtime_capture\20260324_110812_742235_cam1.png,528.502400018624,504.09219998982735,NG,1,cam1:NG,21.592799996142276,2026-03-24T11:08:14,528.502400018624,shared_backbone_register,cam1,diff=-0.2064 match=504.1ms infer=160.3ms,True,roi1,二次锁,{},NG,roi1,shared_backbone_register,cam1,diff=0.0241 match=504.1ms infer=184.4ms,True,roi2,密封圈1,{},OK,roi2,shared_backbone_register,cam1,diff=0.0494 match=504.1ms infer=183.8ms,True,roi3,密封圈2,{},OK,roi3,3,"[{""item_id"": ""roi1"", ""display_name"": ""二次锁"", ""camera_id"": ""cam1"", ""roi_label"": ""roi1"", ""algorithm_code"": ""shared_backbone_register"", ""enabled"": true, ""params"": {}, ""result"": ""NG"", ""detail"": ""diff=-0.2064 match=504.1ms infer=160.3ms""}, {""item_id"": ""roi2"", ""display_name"": ""密封圈1"", ""camera_id"": ""cam1"", ""roi_label"": ""roi2"", ""algorithm_code"": ""shared_backbone_register"", ""enabled"": true, ""params"": {}, ""result"": ""OK"", ""detail"": ""diff=0.0241 match=504.1ms infer=184.4ms""}, {""item_id"": ""roi3"", ""display_name"": ""密封圈2"", ""camera_id"": ""cam1"", ""roi_label"": ""roi3"", ""algorithm_code"": ""shared_backbone_register"", ""enabled"": true, ""params"": {}, ""result"": ""OK"", ""detail"": ""diff=0.0494 match=504.1ms infer=183.8ms""}]",二次锁:NG; 密封圈1:OK; 密封圈2:OK,504.09219998982735,runtime_20260324_110814_320503
2026-03-24 11:28:19,20261026_250A,line2dup_recipe.json,,OK,OK,,1527,False,,,False,False,,111.62859998876229,20260324_112817_906181_cam1.png pred=OK 3 items OK match=509.1ms infer=509.2ms,,509.17150000168476,509.0596999943955,OK,1,cam1:OK,111.62859998876229,2026-03-24T11:28:19,509.17150000168476,shared_backbone_register,cam1,diff=0.4655 match=509.1ms infer=162.1ms,True,roi1,二次锁,{},OK,roi1,shared_backbone_register,cam1,diff=0.1929 match=509.1ms infer=172.7ms,True,roi2,密封圈1,{},OK,roi2,shared_backbone_register,cam1,diff=0.1018 match=509.1ms infer=174.4ms,True,roi3,密封圈2,{},OK,roi3,3,"[{""item_id"": ""roi1"", ""display_name"": ""二次锁"", ""camera_id"": ""cam1"", ""roi_label"": ""roi1"", ""algorithm_code"": ""shared_backbone_register"", ""enabled"": true, ""params"": {}, ""result"": ""OK"", ""detail"": ""diff=0.4655 match=509.1ms infer=162.1ms""}, {""item_id"": ""roi2"", ""display_name"": ""密封圈1"", ""camera_id"": ""cam1"", ""roi_label"": ""roi2"", ""algorithm_code"": ""shared_backbone_register"", ""enabled"": true, ""params"": {}, ""result"": ""OK"", ""detail"": ""diff=0.1929 match=509.1ms infer=172.7ms""}, {""item_id"": ""roi3"", ""display_name"": ""密封圈2"", ""camera_id"": ""cam1"", ""roi_label"": ""roi3"", ""algorithm_code"": ""shared_backbone_register"", ""enabled"": true, ""params"": {}, ""result"": ""OK"", ""detail"": ""diff=0.1018 match=509.1ms infer=174.4ms""}]",二次锁:OK; 密封圈1:OK; 密封圈2:OK,509.0596999943955,runtime_20260324_112819_474662
2026-03-24 11:31:16,20261026_250A,line2dup_recipe.json,,OK,OK,,1820,False,,,False,False,,22.473499993793666,20260324_113114_506120_cam1.png pred=OK 3 items OK match=690.0ms infer=573.4ms,,573.4419999935199,690.0043000059668,OK,1,cam1:OK,22.473499993793666,2026-03-24T11:31:16,573.4419999935199,shared_backbone_register,cam1,diff=0.4645 match=690.0ms infer=175.2ms,True,roi1,二次锁,{},OK,roi1,shared_backbone_register,cam1,diff=0.1848 match=690.0ms infer=193.3ms,True,roi2,密封圈1,{},OK,roi2,shared_backbone_register,cam1,diff=0.1036 match=690.0ms infer=205.0ms,True,roi3,密封圈2,{},OK,roi3,3,"[{""item_id"": ""roi1"", ""display_name"": ""二次锁"", ""camera_id"": ""cam1"", ""roi_label"": ""roi1"", ""algorithm_code"": ""shared_backbone_register"", ""enabled"": true, ""params"": {}, ""result"": ""OK"", ""detail"": ""diff=0.4645 match=690.0ms infer=175.2ms""}, {""item_id"": ""roi2"", ""display_name"": ""密封圈1"", ""camera_id"": ""cam1"", ""roi_label"": ""roi2"", ""algorithm_code"": ""shared_backbone_register"", ""enabled"": true, ""params"": {}, ""result"": ""OK"", ""detail"": ""diff=0.1848 match=690.0ms infer=193.3ms""}, {""item_id"": ""roi3"", ""display_name"": ""密封圈2"", ""camera_id"": ""cam1"", ""roi_label"": ""roi3"", ""algorithm_code"": ""shared_backbone_register"", ""enabled"": true, ""params"": {}, ""result"": ""OK"", ""detail"": ""diff=0.1036 match=690.0ms infer=205.0ms""}]",二次锁:OK; 密封圈1:OK; 密封圈2:OK,690.0043000059668,runtime_20260324_113116_484791
2026-03-24 11:31:28,20261026_250A,line2dup_recipe.json,,NG,NG,,20,True,,MV_CC_GetImageBuffer failed with sdk code=0x80000000,True,True,pending,0.0,,,0.0,0.0,NG,1,cam1:NG,0.0,2026-03-24T11:31:28,0.0,shared_backbone_register,cam1,,True,roi1,二次锁,{},NG,roi1,shared_backbone_register,cam1,,True,roi2,密封圈1,{},NG,roi2,shared_backbone_register,cam1,,True,roi3,密封圈2,{},NG,roi3,3,"[{""item_id"": ""roi1"", ""display_name"": ""二次锁"", ""camera_id"": ""cam1"", ""roi_label"": ""roi1"", ""algorithm_code"": ""shared_backbone_register"", ""enabled"": true, ""params"": {}, ""result"": ""NG"", ""detail"": """"}, {""item_id"": ""roi2"", ""display_name"": ""密封圈1"", ""camera_id"": ""cam1"", ""roi_label"": ""roi2"", ""algorithm_code"": ""shared_backbone_register"", ""enabled"": true, ""params"": {}, ""result"": ""NG"", ""detail"": """"}, {""item_id"": ""roi3"", ""display_name"": ""密封圈2"", ""camera_id"": ""cam1"", ""roi_label"": ""roi3"", ""algorithm_code"": ""shared_backbone_register"", ""enabled"": true, ""params"": {}, ""result"": ""NG"", ""detail"": """"}]",二次锁:NG; 密封圈1:NG; 密封圈2:NG,0.0,runtime_20260324_113128_549864
2026-03-24 11:32:25,20261026_250A,line2dup_recipe.json,,OK,OK,,1701,False,,,False,False,,104.96650000277441,20260324_113223_832179_cam1.png pred=OK 3 items OK match=627.9ms infer=527.5ms,,527.5060999993002,627.9275999986567,OK,1,cam1:OK,104.96650000277441,2026-03-24T11:32:25,527.5060999993002,shared_backbone_register,cam1,diff=0.4709 match=627.9ms infer=172.5ms,True,roi1,二次锁,{},OK,roi1,shared_backbone_register,cam1,diff=0.2181 match=627.9ms infer=172.5ms,True,roi2,密封圈1,{},OK,roi2,shared_backbone_register,cam1,diff=0.1032 match=627.9ms infer=182.5ms,True,roi3,密封圈2,{},OK,roi3,3,"[{""item_id"": ""roi1"", ""display_name"": ""二次锁"", ""camera_id"": ""cam1"", ""roi_label"": ""roi1"", ""algorithm_code"": ""shared_backbone_register"", ""enabled"": true, ""params"": {}, ""result"": ""OK"", ""detail"": ""diff=0.4709 match=627.9ms infer=172.5ms""}, {""item_id"": ""roi2"", ""display_name"": ""密封圈1"", ""camera_id"": ""cam1"", ""roi_label"": ""roi2"", ""algorithm_code"": ""shared_backbone_register"", ""enabled"": true, ""params"": {}, ""result"": ""OK"", ""detail"": ""diff=0.2181 match=627.9ms infer=172.5ms""}, {""item_id"": ""roi3"", ""display_name"": ""密封圈2"", ""camera_id"": ""cam1"", ""roi_label"": ""roi3"", ""algorithm_code"": ""shared_backbone_register"", ""enabled"": true, ""params"": {}, ""result"": ""OK"", ""detail"": ""diff=0.1032 match=627.9ms infer=182.5ms""}]",二次锁:OK; 密封圈1:OK; 密封圈2:OK,627.9275999986567,runtime_20260324_113225_586546
2026-03-24 11:34:13,20261026_250A,line2dup_recipe.json,,OK,OK,,1493,False,,,False,False,,22.025800004485063,20260324_113411_636325_cam1.png pred=OK 3 items OK match=536.3ms infer=526.4ms,,526.4101999782724,536.2656000070274,OK,1,cam1:OK,22.025800004485063,2026-03-24T11:34:13,526.4101999782724,shared_backbone_register,cam1,diff=0.4718 match=536.3ms infer=162.6ms,True,roi1,二次锁,{},OK,roi1,shared_backbone_register,cam1,diff=0.2008 match=536.3ms infer=182.6ms,True,roi2,密封圈1,{},OK,roi2,shared_backbone_register,cam1,diff=0.1042 match=536.3ms infer=181.2ms,True,roi3,密封圈2,{},OK,roi3,3,"[{""item_id"": ""roi1"", ""display_name"": ""二次锁"", ""camera_id"": ""cam1"", ""roi_label"": ""roi1"", ""algorithm_code"": ""shared_backbone_register"", ""enabled"": true, ""params"": {}, ""result"": ""OK"", ""detail"": ""diff=0.4718 match=536.3ms infer=162.6ms""}, {""item_id"": ""roi2"", ""display_name"": ""密封圈1"", ""camera_id"": ""cam1"", ""roi_label"": ""roi2"", ""algorithm_code"": ""shared_backbone_register"", ""enabled"": true, ""params"": {}, ""result"": ""OK"", ""detail"": ""diff=0.2008 match=536.3ms infer=182.6ms""}, {""item_id"": ""roi3"", ""display_name"": ""密封圈2"", ""camera_id"": ""cam1"", ""roi_label"": ""roi3"", ""algorithm_code"": ""shared_backbone_register"", ""enabled"": true, ""params"": {}, ""result"": ""OK"", ""detail"": ""diff=0.1042 match=536.3ms infer=181.2ms""}]",二次锁:OK; 密封圈1:OK; 密封圈2:OK,536.2656000070274,runtime_20260324_113413_269647
2026-03-24 11:38:32,20261026_250A,line2dup_recipe.json,,OK,OK,,2008,False,,,False,False,,106.73329999553971,20260324_113830_176192_cam1.png pred=OK 3 items OK match=623.8ms infer=701.3ms,,701.2817000068026,623.8279000099283,OK,1,cam1:OK,106.73329999553971,2026-03-24T11:38:32,701.2817000068026,shared_backbone_register,cam1,diff=0.4723 match=623.8ms infer=236.1ms,True,roi1,二次锁,{},OK,roi1,shared_backbone_register,cam1,diff=0.2002 match=623.8ms infer=232.4ms,True,roi2,密封圈1,{},OK,roi2,shared_backbone_register,cam1,diff=0.1018 match=623.8ms infer=232.8ms,True,roi3,密封圈2,{},OK,roi3,3,"[{""item_id"": ""roi1"", ""display_name"": ""二次锁"", ""camera_id"": ""cam1"", ""roi_label"": ""roi1"", ""algorithm_code"": ""shared_backbone_register"", ""enabled"": true, ""params"": {}, ""result"": ""OK"", ""detail"": ""diff=0.4723 match=623.8ms infer=236.1ms""}, {""item_id"": ""roi2"", ""display_name"": ""密封圈1"", ""camera_id"": ""cam1"", ""roi_label"": ""roi2"", ""algorithm_code"": ""shared_backbone_register"", ""enabled"": true, ""params"": {}, ""result"": ""OK"", ""detail"": ""diff=0.2002 match=623.8ms infer=232.4ms""}, {""item_id"": ""roi3"", ""display_name"": ""密封圈2"", ""camera_id"": ""cam1"", ""roi_label"": ""roi3"", ""algorithm_code"": ""shared_backbone_register"", ""enabled"": true, ""params"": {}, ""result"": ""OK"", ""detail"": ""diff=0.1018 match=623.8ms infer=232.8ms""}]",二次锁:OK; 密封圈1:OK; 密封圈2:OK,623.8279000099283,runtime_20260324_113832_316666
2026-03-24 11:38:41,20261026_250A,line2dup_recipe.json,,NG,NG,,1125,True,,line2dup did not find any match,True,True,pending,0.0,,C:\Users\goney\Desktop\MatchTemplate2\EmbeddingTest\.qr_session\20261026_250A\runtime_capture\20260324_113840_155023_cam1.png,0.0,0.0,NG,1,cam1:NG,0.0,2026-03-24T11:38:41,0.0,shared_backbone_register,cam1,,True,roi1,二次锁,{},NG,roi1,shared_backbone_register,cam1,,True,roi2,密封圈1,{},NG,roi2,shared_backbone_register,cam1,,True,roi3,密封圈2,{},NG,roi3,3,"[{""item_id"": ""roi1"", ""display_name"": ""二次锁"", ""camera_id"": ""cam1"", ""roi_label"": ""roi1"", ""algorithm_code"": ""shared_backbone_register"", ""enabled"": true, ""params"": {}, ""result"": ""NG"", ""detail"": """"}, {""item_id"": ""roi2"", ""display_name"": ""密封圈1"", ""camera_id"": ""cam1"", ""roi_label"": ""roi2"", ""algorithm_code"": ""shared_backbone_register"", ""enabled"": true, ""params"": {}, ""result"": ""NG"", ""detail"": """"}, {""item_id"": ""roi3"", ""display_name"": ""密封圈2"", ""camera_id"": ""cam1"", ""roi_label"": ""roi3"", ""algorithm_code"": ""shared_backbone_register"", ""enabled"": true, ""params"": {}, ""result"": ""NG"", ""detail"": """"}]",二次锁:NG; 密封圈1:NG; 密封圈2:NG,0.0,runtime_20260324_113841_432267
2026-03-24 11:38:49,20261026_250A,line2dup_recipe.json,,OK,OK,,1528,False,,,False,False,,21.57949999673292,20260324_113847_643004_cam1.png pred=OK 3 items OK match=533.9ms infer=564.0ms,,563.9502000121865,533.8998999941396,OK,1,cam1:OK,21.57949999673292,2026-03-24T11:38:49,563.9502000121865,shared_backbone_register,cam1,diff=0.4492 match=533.9ms infer=162.3ms,True,roi1,二次锁,{},OK,roi1,shared_backbone_register,cam1,diff=0.1400 match=533.9ms infer=215.3ms,True,roi2,密封圈1,{},OK,roi2,shared_backbone_register,cam1,diff=0.1050 match=533.9ms infer=186.3ms,True,roi3,密封圈2,{},OK,roi3,3,"[{""item_id"": ""roi1"", ""display_name"": ""二次锁"", ""camera_id"": ""cam1"", ""roi_label"": ""roi1"", ""algorithm_code"": ""shared_backbone_register"", ""enabled"": true, ""params"": {}, ""result"": ""OK"", ""detail"": ""diff=0.4492 match=533.9ms infer=162.3ms""}, {""item_id"": ""roi2"", ""display_name"": ""密封圈1"", ""camera_id"": ""cam1"", ""roi_label"": ""roi2"", ""algorithm_code"": ""shared_backbone_register"", ""enabled"": true, ""params"": {}, ""result"": ""OK"", ""detail"": ""diff=0.1400 match=533.9ms infer=215.3ms""}, {""item_id"": ""roi3"", ""display_name"": ""密封圈2"", ""camera_id"": ""cam1"", ""roi_label"": ""roi3"", ""algorithm_code"": ""shared_backbone_register"", ""enabled"": true, ""params"": {}, ""result"": ""OK"", ""detail"": ""diff=0.1050 match=533.9ms infer=186.3ms""}]",二次锁:OK; 密封圈1:OK; 密封圈2:OK,533.8998999941396,runtime_20260324_113849_309094
2026-03-24 11:39:26,20261026_250A,line2dup_recipe.json,,OK,OK,,1591,False,,,False,False,,21.24040000489913,20260324_113924_882726_cam1.png pred=OK 3 items OK match=646.0ms infer=524.1ms,,524.1466000006767,645.9721999999601,OK,1,cam1:OK,21.24040000489913,2026-03-24T11:39:26,524.1466000006767,shared_backbone_register,cam1,diff=0.4506 match=646.0ms infer=151.4ms,True,roi1,二次锁,{},OK,roi1,shared_backbone_register,cam1,diff=0.0739 match=646.0ms infer=182.2ms,True,roi2,密封圈1,{},OK,roi2,shared_backbone_register,cam1,diff=0.1016 match=646.0ms infer=190.5ms,True,roi3,密封圈2,{},OK,roi3,3,"[{""item_id"": ""roi1"", ""display_name"": ""二次锁"", ""camera_id"": ""cam1"", ""roi_label"": ""roi1"", ""algorithm_code"": ""shared_backbone_register"", ""enabled"": true, ""params"": {}, ""result"": ""OK"", ""detail"": ""diff=0.4506 match=646.0ms infer=151.4ms""}, {""item_id"": ""roi2"", ""display_name"": ""密封圈1"", ""camera_id"": ""cam1"", ""roi_label"": ""roi2"", ""algorithm_code"": ""shared_backbone_register"", ""enabled"": true, ""params"": {}, ""result"": ""OK"", ""detail"": ""diff=0.0739 match=646.0ms infer=182.2ms""}, {""item_id"": ""roi3"", ""display_name"": ""密封圈2"", ""camera_id"": ""cam1"", ""roi_label"": ""roi3"", ""algorithm_code"": ""shared_backbone_register"", ""enabled"": true, ""params"": {}, ""result"": ""OK"", ""detail"": ""diff=0.1016 match=646.0ms infer=190.5ms""}]",二次锁:OK; 密封圈1:OK; 密封圈2:OK,645.9721999999601,runtime_20260324_113926_621344
2026-03-24 11:40:30,20261026_250A,line2dup_recipe.json,,OK,OK,,1605,False,,,False,False,,108.58339999685995,20260324_114028_508511_cam1.png pred=OK 3 items OK match=540.3ms infer=534.4ms,,534.376700015855,540.2983000094537,OK,1,cam1:OK,108.58339999685995,2026-03-24T11:40:30,534.376700015855,shared_backbone_register,cam1,diff=0.4625 match=540.3ms infer=177.0ms,True,roi1,二次锁,{},OK,roi1,shared_backbone_register,cam1,diff=0.1312 match=540.3ms infer=175.6ms,True,roi2,密封圈1,{},OK,roi2,shared_backbone_register,cam1,diff=0.1062 match=540.3ms infer=181.7ms,True,roi3,密封圈2,{},OK,roi3,3,"[{""item_id"": ""roi1"", ""display_name"": ""二次锁"", ""camera_id"": ""cam1"", ""roi_label"": ""roi1"", ""algorithm_code"": ""shared_backbone_register"", ""enabled"": true, ""params"": {}, ""result"": ""OK"", ""detail"": ""diff=0.4625 match=540.3ms infer=177.0ms""}, {""item_id"": ""roi2"", ""display_name"": ""密封圈1"", ""camera_id"": ""cam1"", ""roi_label"": ""roi2"", ""algorithm_code"": ""shared_backbone_register"", ""enabled"": true, ""params"": {}, ""result"": ""OK"", ""detail"": ""diff=0.1312 match=540.3ms infer=175.6ms""}, {""item_id"": ""roi3"", ""display_name"": ""密封圈2"", ""camera_id"": ""cam1"", ""roi_label"": ""roi3"", ""algorithm_code"": ""shared_backbone_register"", ""enabled"": true, ""params"": {}, ""result"": ""OK"", ""detail"": ""diff=0.1062 match=540.3ms infer=181.7ms""}]",二次锁:OK; 密封圈1:OK; 密封圈2:OK,540.2983000094537,runtime_20260324_114030_156222
2026-03-24 12:04:36,20261026_250A,line2dup_recipe.json,,OK,OK,,1495,False,,,False,False,,21.902599997702055,20260324_120435_273329_cam1.png pred=OK 3 items OK match=559.6ms infer=522.8ms,C:\Users\goney\Desktop\MatchTemplate2\EmbeddingTest\.qr_session\20261026_250A\runtime_capture\20260324_120435_273329_cam1.png,522.8401999920607,559.60999999661,OK,1,cam1:OK,21.902599997702055,2026-03-24T12:04:36,522.8401999920607,shared_backbone_register,cam1,diff=0.4597 match=559.6ms infer=163.6ms,True,roi1,二次锁,{},OK,roi1,shared_backbone_register,cam1,diff=0.1122 match=559.6ms infer=173.9ms,True,roi2,密封圈1,{},OK,roi2,shared_backbone_register,cam1,diff=0.1027 match=559.6ms infer=185.4ms,True,roi3,密封圈2,{},OK,roi3,3,"[{""item_id"": ""roi1"", ""display_name"": ""二次锁"", ""camera_id"": ""cam1"", ""roi_label"": ""roi1"", ""algorithm_code"": ""shared_backbone_register"", ""enabled"": true, ""params"": {}, ""result"": ""OK"", ""detail"": ""diff=0.4597 match=559.6ms infer=163.6ms""}, {""item_id"": ""roi2"", ""display_name"": ""密封圈1"", ""camera_id"": ""cam1"", ""roi_label"": ""roi2"", ""algorithm_code"": ""shared_backbone_register"", ""enabled"": true, ""params"": {}, ""result"": ""OK"", ""detail"": ""diff=0.1122 match=559.6ms infer=173.9ms""}, {""item_id"": ""roi3"", ""display_name"": ""密封圈2"", ""camera_id"": ""cam1"", ""roi_label"": ""roi3"", ""algorithm_code"": ""shared_backbone_register"", ""enabled"": true, ""params"": {}, ""result"": ""OK"", ""detail"": ""diff=0.1027 match=559.6ms infer=185.4ms""}]",二次锁:OK; 密封圈1:OK; 密封圈2:OK,559.60999999661,runtime_20260324_120436_896256
2026-03-24 12:04:44,20261026_250A,line2dup_recipe.json,,OK,OK,,1599,False,,,False,False,,22.29300000180956,20260324_120442_515368_cam1.png pred=OK 3 items OK match=627.4ms infer=518.6ms,C:\Users\goney\Desktop\MatchTemplate2\EmbeddingTest\.qr_session\20261026_250A\runtime_capture\20260324_120442_515368_cam1.png,518.642799986992,627.4373999913223,OK,1,cam1:OK,22.29300000180956,2026-03-24T12:04:44,518.642799986992,shared_backbone_register,cam1,diff=0.4646 match=627.4ms infer=162.0ms,True,roi1,二次锁,{},OK,roi1,shared_backbone_register,cam1,diff=0.1187 match=627.4ms infer=184.8ms,True,roi2,密封圈1,{},OK,roi2,shared_backbone_register,cam1,diff=0.1035 match=627.4ms infer=171.8ms,True,roi3,密封圈2,{},OK,roi3,3,"[{""item_id"": ""roi1"", ""display_name"": ""二次锁"", ""camera_id"": ""cam1"", ""roi_label"": ""roi1"", ""algorithm_code"": ""shared_backbone_register"", ""enabled"": true, ""params"": {}, ""result"": ""OK"", ""detail"": ""diff=0.4646 match=627.4ms infer=162.0ms""}, {""item_id"": ""roi2"", ""display_name"": ""密封圈1"", ""camera_id"": ""cam1"", ""roi_label"": ""roi2"", ""algorithm_code"": ""shared_backbone_register"", ""enabled"": true, ""params"": {}, ""result"": ""OK"", ""detail"": ""diff=0.1187 match=627.4ms infer=184.8ms""}, {""item_id"": ""roi3"", ""display_name"": ""密封圈2"", ""camera_id"": ""cam1"", ""roi_label"": ""roi3"", ""algorithm_code"": ""shared_backbone_register"", ""enabled"": true, ""params"": {}, ""result"": ""OK"", ""detail"": ""diff=0.1035 match=627.4ms infer=171.8ms""}]",二次锁:OK; 密封圈1:OK; 密封圈2:OK,627.4373999913223,runtime_20260324_120444_250036
2026-03-24 12:13:29,20261026_250A,line2dup_recipe.json,,OK,OK,,1491,False,,,False,False,,21.726600010879338,20260324_121328_351152_cam1.png pred=OK 3 items OK match=533.6ms infer=518.3ms,C:\Users\goney\Desktop\MatchTemplate2\EmbeddingTest\.qr_session\20261026_250A\runtime_capture\20260324_121328_351152_cam1.png,518.2502999959979,533.5835000005318,OK,1,cam1:OK,21.726600010879338,2026-03-24T12:13:29,518.2502999959979,shared_backbone_register,cam1,diff=0.4621 match=533.6ms infer=161.2ms,True,roi1,二次锁,{},OK,roi1,shared_backbone_register,cam1,diff=0.1597 match=533.6ms infer=174.6ms,True,roi2,密封圈1,{},OK,roi2,shared_backbone_register,cam1,diff=0.1082 match=533.6ms infer=182.4ms,True,roi3,密封圈2,{},OK,roi3,3,"[{""item_id"": ""roi1"", ""display_name"": ""二次锁"", ""camera_id"": ""cam1"", ""roi_label"": ""roi1"", ""algorithm_code"": ""shared_backbone_register"", ""enabled"": true, ""params"": {}, ""result"": ""OK"", ""detail"": ""diff=0.4621 match=533.6ms infer=161.2ms""}, {""item_id"": ""roi2"", ""display_name"": ""密封圈1"", ""camera_id"": ""cam1"", ""roi_label"": ""roi2"", ""algorithm_code"": ""shared_backbone_register"", ""enabled"": true, ""params"": {}, ""result"": ""OK"", ""detail"": ""diff=0.1597 match=533.6ms infer=174.6ms""}, {""item_id"": ""roi3"", ""display_name"": ""密封圈2"", ""camera_id"": ""cam1"", ""roi_label"": ""roi3"", ""algorithm_code"": ""shared_backbone_register"", ""enabled"": true, ""params"": {}, ""result"": ""OK"", ""detail"": ""diff=0.1082 match=533.6ms infer=182.4ms""}]",二次锁:OK; 密封圈1:OK; 密封圈2:OK,533.5835000005318,runtime_20260324_121329_978807
2026-03-24 12:13:33,20261026_250A,line2dup_recipe.json,,OK,OK,,1615,False,,,False,False,,22.399199995561503,20260324_121331_883448_cam1.png pred=OK 3 items OK match=655.8ms infer=515.2ms,C:\Users\goney\Desktop\MatchTemplate2\EmbeddingTest\.qr_session\20261026_250A\runtime_capture\20260324_121331_883448_cam1.png,515.2315000013914,655.8371999999508,OK,1,cam1:OK,22.399199995561503,2026-03-24T12:13:33,515.2315000013914,shared_backbone_register,cam1,diff=0.4621 match=655.8ms infer=157.2ms,True,roi1,二次锁,{},OK,roi1,shared_backbone_register,cam1,diff=0.1503 match=655.8ms infer=172.2ms,True,roi2,密封圈1,{},OK,roi2,shared_backbone_register,cam1,diff=0.1014 match=655.8ms infer=185.8ms,True,roi3,密封圈2,{},OK,roi3,3,"[{""item_id"": ""roi1"", ""display_name"": ""二次锁"", ""camera_id"": ""cam1"", ""roi_label"": ""roi1"", ""algorithm_code"": ""shared_backbone_register"", ""enabled"": true, ""params"": {}, ""result"": ""OK"", ""detail"": ""diff=0.4621 match=655.8ms infer=157.2ms""}, {""item_id"": ""roi2"", ""display_name"": ""密封圈1"", ""camera_id"": ""cam1"", ""roi_label"": ""roi2"", ""algorithm_code"": ""shared_backbone_register"", ""enabled"": true, ""params"": {}, ""result"": ""OK"", ""detail"": ""diff=0.1503 match=655.8ms infer=172.2ms""}, {""item_id"": ""roi3"", ""display_name"": ""密封圈2"", ""camera_id"": ""cam1"", ""roi_label"": ""roi3"", ""algorithm_code"": ""shared_backbone_register"", ""enabled"": true, ""params"": {}, ""result"": ""OK"", ""detail"": ""diff=0.1014 match=655.8ms infer=185.8ms""}]",二次锁:OK; 密封圈1:OK; 密封圈2:OK,655.8371999999508,runtime_20260324_121333_641325
2026-03-24 12:13:37,20261026_250A,line2dup_recipe.json,,OK,OK,,1484,False,,,False,False,,21.76309999777004,20260324_121335_792100_cam1.png pred=OK 3 items OK match=524.8ms infer=508.9ms,C:\Users\goney\Desktop\MatchTemplate2\EmbeddingTest\.qr_session\20261026_250A\runtime_capture\20260324_121335_792100_cam1.png,508.88180000765715,524.8258000065107,OK,1,cam1:OK,21.76309999777004,2026-03-24T12:13:37,508.88180000765715,shared_backbone_register,cam1,diff=0.4567 match=524.8ms infer=158.5ms,True,roi1,二次锁,{},OK,roi1,shared_backbone_register,cam1,diff=0.1043 match=524.8ms infer=169.4ms,True,roi2,密封圈1,{},OK,roi2,shared_backbone_register,cam1,diff=0.1026 match=524.8ms infer=181.1ms,True,roi3,密封圈2,{},OK,roi3,3,"[{""item_id"": ""roi1"", ""display_name"": ""二次锁"", ""camera_id"": ""cam1"", ""roi_label"": ""roi1"", ""algorithm_code"": ""shared_backbone_register"", ""enabled"": true, ""params"": {}, ""result"": ""OK"", ""detail"": ""diff=0.4567 match=524.8ms infer=158.5ms""}, {""item_id"": ""roi2"", ""display_name"": ""密封圈1"", ""camera_id"": ""cam1"", ""roi_label"": ""roi2"", ""algorithm_code"": ""shared_backbone_register"", ""enabled"": true, ""params"": {}, ""result"": ""OK"", ""detail"": ""diff=0.1043 match=524.8ms infer=169.4ms""}, {""item_id"": ""roi3"", ""display_name"": ""密封圈2"", ""camera_id"": ""cam1"", ""roi_label"": ""roi3"", ""algorithm_code"": ""shared_backbone_register"", ""enabled"": true, ""params"": {}, ""result"": ""OK"", ""detail"": ""diff=0.1026 match=524.8ms infer=181.1ms""}]",二次锁:OK; 密封圈1:OK; 密封圈2:OK,524.8258000065107,runtime_20260324_121337_428000
2026-03-24 12:13:55,20261026_250A,line2dup_recipe.json,,NG,NG,,1368,False,,,True,True,pending,21.743599994806573,"20260324_121353_940238_cam1.png pred=NG NG: 二次锁, 密封圈2 match=440.9ms infer=493.4ms",C:\Users\goney\Desktop\MatchTemplate2\EmbeddingTest\.qr_session\20261026_250A\runtime_capture\20260324_121353_940238_cam1.png,493.3708000171464,440.8720999927027,NG,1,cam1:NG,21.743599994806573,2026-03-24T12:13:55,493.3708000171464,shared_backbone_register,cam1,diff=-0.0490 match=440.9ms infer=154.7ms,True,roi1,二次锁,{},NG,roi1,shared_backbone_register,cam1,diff=0.0397 match=440.9ms infer=164.5ms,True,roi2,密封圈1,{},OK,roi2,shared_backbone_register,cam1,diff=-0.1301 match=440.9ms infer=174.2ms,True,roi3,密封圈2,{},NG,roi3,3,"[{""item_id"": ""roi1"", ""display_name"": ""二次锁"", ""camera_id"": ""cam1"", ""roi_label"": ""roi1"", ""algorithm_code"": ""shared_backbone_register"", ""enabled"": true, ""params"": {}, ""result"": ""NG"", ""detail"": ""diff=-0.0490 match=440.9ms infer=154.7ms""}, {""item_id"": ""roi2"", ""display_name"": ""密封圈1"", ""camera_id"": ""cam1"", ""roi_label"": ""roi2"", ""algorithm_code"": ""shared_backbone_register"", ""enabled"": true, ""params"": {}, ""result"": ""OK"", ""detail"": ""diff=0.0397 match=440.9ms infer=164.5ms""}, {""item_id"": ""roi3"", ""display_name"": ""密封圈2"", ""camera_id"": ""cam1"", ""roi_label"": ""roi3"", ""algorithm_code"": ""shared_backbone_register"", ""enabled"": true, ""params"": {}, ""result"": ""NG"", ""detail"": ""diff=-0.1301 match=440.9ms infer=174.2ms""}]",二次锁:NG; 密封圈1:OK; 密封圈2:NG,440.8720999927027,runtime_20260324_121355_438888
2026-03-24 12:14:10,20261026_250A,line2dup_recipe.json,,OK,OK,,1541,False,,,False,False,,21.26180000777822,20260324_121408_709987_cam1.png pred=OK 3 items OK match=615.2ms infer=498.4ms,C:\Users\goney\Desktop\MatchTemplate2\EmbeddingTest\.qr_session\20261026_250A\runtime_capture\20260324_121408_709987_cam1.png,498.4374000050593,615.2283999981591,OK,1,cam1:OK,21.26180000777822,2026-03-24T12:14:10,498.4374000050593,shared_backbone_register,cam1,diff=0.4624 match=615.2ms infer=154.5ms,True,roi1,二次锁,{},OK,roi1,shared_backbone_register,cam1,diff=0.0867 match=615.2ms infer=167.7ms,True,roi2,密封圈1,{},OK,roi2,shared_backbone_register,cam1,diff=0.1072 match=615.2ms infer=176.3ms,True,roi3,密封圈2,{},OK,roi3,3,"[{""item_id"": ""roi1"", ""display_name"": ""二次锁"", ""camera_id"": ""cam1"", ""roi_label"": ""roi1"", ""algorithm_code"": ""shared_backbone_register"", ""enabled"": true, ""params"": {}, ""result"": ""OK"", ""detail"": ""diff=0.4624 match=615.2ms infer=154.5ms""}, {""item_id"": ""roi2"", ""display_name"": ""密封圈1"", ""camera_id"": ""cam1"", ""roi_label"": ""roi2"", ""algorithm_code"": ""shared_backbone_register"", ""enabled"": true, ""params"": {}, ""result"": ""OK"", ""detail"": ""diff=0.0867 match=615.2ms infer=167.7ms""}, {""item_id"": ""roi3"", ""display_name"": ""密封圈2"", ""camera_id"": ""cam1"", ""roi_label"": ""roi3"", ""algorithm_code"": ""shared_backbone_register"", ""enabled"": true, ""params"": {}, ""result"": ""OK"", ""detail"": ""diff=0.1072 match=615.2ms infer=176.3ms""}]",二次锁:OK; 密封圈1:OK; 密封圈2:OK,615.2283999981591,runtime_20260324_121410_386125
2026-03-24 12:14:18,20261026_250A,line2dup_recipe.json,,NG,NG,,1542,False,,,True,True,pending,21.558599997661076,20260324_121416_384231_cam1.png pred=NG NG: 密封圈1 diff=-0.1197 match=530.9ms infer=591.6ms,C:\Users\goney\Desktop\MatchTemplate2\EmbeddingTest\.qr_session\20261026_250A\runtime_capture\20260324_121416_384231_cam1.png,591.554200000246,530.9437999967486,NG,1,cam1:NG,21.558599997661076,2026-03-24T12:14:18,591.554200000246,shared_backbone_register,cam1,diff=0.4594 match=530.9ms infer=182.1ms,True,roi1,二次锁,{},OK,roi1,shared_backbone_register,cam1,diff=-0.1197 match=530.9ms infer=198.0ms,True,roi2,密封圈1,{},NG,roi2,shared_backbone_register,cam1,diff=0.1029 match=530.9ms infer=211.4ms,True,roi3,密封圈2,{},OK,roi3,3,"[{""item_id"": ""roi1"", ""display_name"": ""二次锁"", ""camera_id"": ""cam1"", ""roi_label"": ""roi1"", ""algorithm_code"": ""shared_backbone_register"", ""enabled"": true, ""params"": {}, ""result"": ""OK"", ""detail"": ""diff=0.4594 match=530.9ms infer=182.1ms""}, {""item_id"": ""roi2"", ""display_name"": ""密封圈1"", ""camera_id"": ""cam1"", ""roi_label"": ""roi2"", ""algorithm_code"": ""shared_backbone_register"", ""enabled"": true, ""params"": {}, ""result"": ""NG"", ""detail"": ""diff=-0.1197 match=530.9ms infer=198.0ms""}, {""item_id"": ""roi3"", ""display_name"": ""密封圈2"", ""camera_id"": ""cam1"", ""roi_label"": ""roi3"", ""algorithm_code"": ""shared_backbone_register"", ""enabled"": true, ""params"": {}, ""result"": ""OK"", ""detail"": ""diff=0.1029 match=530.9ms infer=211.4ms""}]",二次锁:OK; 密封圈1:NG; 密封圈2:OK,530.9437999967486,runtime_20260324_121418_072037
2026-03-24 12:14:30,20261026_250A,line2dup_recipe.json,,OK,OK,,1652,False,,,False,False,,21.66310000757221,20260324_121429_124601_cam1.png pred=OK 3 items OK match=681.1ms infer=535.3ms,C:\Users\goney\Desktop\MatchTemplate2\EmbeddingTest\.qr_session\20261026_250A\runtime_capture\20260324_121429_124601_cam1.png,535.257299998193,681.0769000003347,OK,1,cam1:OK,21.66310000757221,2026-03-24T12:14:30,535.257299998193,shared_backbone_register,cam1,diff=0.2340 match=681.1ms infer=150.7ms,True,roi1,二次锁,{},OK,roi1,shared_backbone_register,cam1,diff=0.2949 match=681.1ms infer=194.6ms,True,roi2,密封圈1,{},OK,roi2,shared_backbone_register,cam1,diff=0.0897 match=681.1ms infer=190.0ms,True,roi3,密封圈2,{},OK,roi3,3,"[{""item_id"": ""roi1"", ""display_name"": ""二次锁"", ""camera_id"": ""cam1"", ""roi_label"": ""roi1"", ""algorithm_code"": ""shared_backbone_register"", ""enabled"": true, ""params"": {}, ""result"": ""OK"", ""detail"": ""diff=0.2340 match=681.1ms infer=150.7ms""}, {""item_id"": ""roi2"", ""display_name"": ""密封圈1"", ""camera_id"": ""cam1"", ""roi_label"": ""roi2"", ""algorithm_code"": ""shared_backbone_register"", ""enabled"": true, ""params"": {}, ""result"": ""OK"", ""detail"": ""diff=0.2949 match=681.1ms infer=194.6ms""}, {""item_id"": ""roi3"", ""display_name"": ""密封圈2"", ""camera_id"": ""cam1"", ""roi_label"": ""roi3"", ""algorithm_code"": ""shared_backbone_register"", ""enabled"": true, ""params"": {}, ""result"": ""OK"", ""detail"": ""diff=0.0897 match=681.1ms infer=190.0ms""}]",二次锁:OK; 密封圈1:OK; 密封圈2:OK,681.0769000003347,runtime_20260324_121430_911505
2026-03-24 12:14:35,20261026_250A,line2dup_recipe.json,,NG,NG,,1535,False,,,True,True,pending,21.429900007206015,"20260324_121433_946780_cam1.png pred=NG NG: 密封圈1, 密封圈2 match=588.2ms infer=509.7ms",C:\Users\goney\Desktop\MatchTemplate2\EmbeddingTest\.qr_session\20261026_250A\runtime_capture\20260324_121433_946780_cam1.png,509.712800005218,588.183999992907,NG,1,cam1:NG,21.429900007206015,2026-03-24T12:14:35,509.712800005218,shared_backbone_register,cam1,diff=0.2454 match=588.2ms infer=153.5ms,True,roi1,二次锁,{},OK,roi1,shared_backbone_register,cam1,diff=-0.1467 match=588.2ms infer=170.3ms,True,roi2,密封圈1,{},NG,roi2,shared_backbone_register,cam1,diff=-0.0070 match=588.2ms infer=185.9ms,True,roi3,密封圈2,{},NG,roi3,3,"[{""item_id"": ""roi1"", ""display_name"": ""二次锁"", ""camera_id"": ""cam1"", ""roi_label"": ""roi1"", ""algorithm_code"": ""shared_backbone_register"", ""enabled"": true, ""params"": {}, ""result"": ""OK"", ""detail"": ""diff=0.2454 match=588.2ms infer=153.5ms""}, {""item_id"": ""roi2"", ""display_name"": ""密封圈1"", ""camera_id"": ""cam1"", ""roi_label"": ""roi2"", ""algorithm_code"": ""shared_backbone_register"", ""enabled"": true, ""params"": {}, ""result"": ""NG"", ""detail"": ""diff=-0.1467 match=588.2ms infer=170.3ms""}, {""item_id"": ""roi3"", ""display_name"": ""密封圈2"", ""camera_id"": ""cam1"", ""roi_label"": ""roi3"", ""algorithm_code"": ""shared_backbone_register"", ""enabled"": true, ""params"": {}, ""result"": ""NG"", ""detail"": ""diff=-0.0070 match=588.2ms infer=185.9ms""}]",二次锁:OK; 密封圈1:NG; 密封圈2:NG,588.183999992907,runtime_20260324_121435_632871
2026-03-24 12:15:02,20261026_250A,line2dup_recipe.json,,NG,NG,,1777,False,,,True,True,pending,21.93499999702908,20260324_121500_407132_cam1.png pred=NG NG: 密封圈2 diff=-0.1232 match=849.7ms infer=498.3ms,C:\Users\goney\Desktop\MatchTemplate2\EmbeddingTest\.qr_session\20261026_250A\runtime_capture\20260324_121500_407132_cam1.png,498.3230999787338,849.7134999925038,NG,1,cam1:NG,21.93499999702908,2026-03-24T12:15:02,498.3230999787338,shared_backbone_register,cam1,diff=0.2504 match=849.7ms infer=155.7ms,True,roi1,二次锁,{},OK,roi1,shared_backbone_register,cam1,diff=0.0380 match=849.7ms infer=164.6ms,True,roi2,密封圈1,{},OK,roi2,shared_backbone_register,cam1,diff=-0.1232 match=849.7ms infer=178.0ms,True,roi3,密封圈2,{},NG,roi3,3,"[{""item_id"": ""roi1"", ""display_name"": ""二次锁"", ""camera_id"": ""cam1"", ""roi_label"": ""roi1"", ""algorithm_code"": ""shared_backbone_register"", ""enabled"": true, ""params"": {}, ""result"": ""OK"", ""detail"": ""diff=0.2504 match=849.7ms infer=155.7ms""}, {""item_id"": ""roi2"", ""display_name"": ""密封圈1"", ""camera_id"": ""cam1"", ""roi_label"": ""roi2"", ""algorithm_code"": ""shared_backbone_register"", ""enabled"": true, ""params"": {}, ""result"": ""OK"", ""detail"": ""diff=0.0380 match=849.7ms infer=164.6ms""}, {""item_id"": ""roi3"", ""display_name"": ""密封圈2"", ""camera_id"": ""cam1"", ""roi_label"": ""roi3"", ""algorithm_code"": ""shared_backbone_register"", ""enabled"": true, ""params"": {}, ""result"": ""NG"", ""detail"": ""diff=-0.1232 match=849.7ms infer=178.0ms""}]",二次锁:OK; 密封圈1:OK; 密封圈2:NG,849.7134999925038,runtime_20260324_121502_320714
2026-03-24 12:15:16,20261026_250A,line2dup_recipe.json,,NG,NG,,1595,False,,,True,True,pending,21.5745000023162,"20260324_121514_679878_cam1.png pred=NG NG: 二次锁, 密封圈1, 密封圈2 match=653.3ms infer=511.0ms",C:\Users\goney\Desktop\MatchTemplate2\EmbeddingTest\.qr_session\20261026_250A\runtime_capture\20260324_121514_679878_cam1.png,511.044300001231,653.2549999974435,NG,1,cam1:NG,21.5745000023162,2026-03-24T12:15:16,511.044300001231,shared_backbone_register,cam1,diff=-0.0488 match=653.3ms infer=171.0ms,True,roi1,二次锁,{},NG,roi1,shared_backbone_register,cam1,diff=0.0057 match=653.3ms infer=168.0ms,True,roi2,密封圈1,{},NG,roi2,shared_backbone_register,cam1,diff=-0.1469 match=653.3ms infer=172.0ms,True,roi3,密封圈2,{},NG,roi3,3,"[{""item_id"": ""roi1"", ""display_name"": ""二次锁"", ""camera_id"": ""cam1"", ""roi_label"": ""roi1"", ""algorithm_code"": ""shared_backbone_register"", ""enabled"": true, ""params"": {}, ""result"": ""NG"", ""detail"": ""diff=-0.0488 match=653.3ms infer=171.0ms""}, {""item_id"": ""roi2"", ""display_name"": ""密封圈1"", ""camera_id"": ""cam1"", ""roi_label"": ""roi2"", ""algorithm_code"": ""shared_backbone_register"", ""enabled"": true, ""params"": {}, ""result"": ""NG"", ""detail"": ""diff=0.0057 match=653.3ms infer=168.0ms""}, {""item_id"": ""roi3"", ""display_name"": ""密封圈2"", ""camera_id"": ""cam1"", ""roi_label"": ""roi3"", ""algorithm_code"": ""shared_backbone_register"", ""enabled"": true, ""params"": {}, ""result"": ""NG"", ""detail"": ""diff=-0.1469 match=653.3ms infer=172.0ms""}]",二次锁:NG; 密封圈1:NG; 密封圈2:NG,653.2549999974435,runtime_20260324_121516_405389
2026-03-24 13:26:32,20261026_250A,line2dup_recipe.json,,NG,NG,,568,True,,line2dup did not find any match,True,True,pending,0.0,,C:\Users\goney\Desktop\MatchTemplate2\EmbeddingTest\.qr_session\20261026_250A\runtime_capture\20260324_132632_136487_cam1.png,0.0,0.0,NG,1,cam1:NG,0.0,2026-03-24T13:26:32,0.0,shared_backbone_register,cam1,,True,roi1,二次锁,{},NG,roi1,shared_backbone_register,cam1,,True,roi2,密封圈1,{},NG,roi2,shared_backbone_register,cam1,,True,roi3,密封圈2,{},NG,roi3,3,"[{""item_id"": ""roi1"", ""display_name"": ""二次锁"", ""camera_id"": ""cam1"", ""roi_label"": ""roi1"", ""algorithm_code"": ""shared_backbone_register"", ""enabled"": true, ""params"": {}, ""result"": ""NG"", ""detail"": """"}, {""item_id"": ""roi2"", ""display_name"": ""密封圈1"", ""camera_id"": ""cam1"", ""roi_label"": ""roi2"", ""algorithm_code"": ""shared_backbone_register"", ""enabled"": true, ""params"": {}, ""result"": ""NG"", ""detail"": """"}, {""item_id"": ""roi3"", ""display_name"": ""密封圈2"", ""camera_id"": ""cam1"", ""roi_label"": ""roi3"", ""algorithm_code"": ""shared_backbone_register"", ""enabled"": true, ""params"": {}, ""result"": ""NG"", ""detail"": """"}]",二次锁:NG; 密封圈1:NG; 密封圈2:NG,0.0,runtime_20260324_132632_712002
2026-03-24 13:29:57,20261026_250A,line2dup_recipe.json,,NG,NG,,1617,False,,,True,True,pending,22.724499998730607,"20260324_132955_813320_cam1.png pred=NG NG: 二次锁, 密封圈1, 密封圈2 match=636.1ms infer=518.0ms",C:\Users\goney\Desktop\MatchTemplate2\EmbeddingTest\.qr_session\20261026_250A\runtime_capture\20260324_132955_813320_cam1.png,517.9971000034129,636.089699997683,NG,1,cam1:NG,22.724499998730607,2026-03-24T13:29:57,517.9971000034129,shared_backbone_register,cam1,diff=-0.0252 match=636.1ms infer=161.0ms,True,roi1,二次锁,{},NG,roi1,shared_backbone_register,cam1,diff=-0.1408 match=636.1ms infer=181.0ms,True,roi2,密封圈1,{},NG,roi2,shared_backbone_register,cam1,diff=-0.0215 match=636.1ms infer=176.0ms,True,roi3,密封圈2,{},NG,roi3,3,"[{""item_id"": ""roi1"", ""display_name"": ""二次锁"", ""camera_id"": ""cam1"", ""roi_label"": ""roi1"", ""algorithm_code"": ""shared_backbone_register"", ""enabled"": true, ""params"": {}, ""result"": ""NG"", ""detail"": ""diff=-0.0252 match=636.1ms infer=161.0ms""}, {""item_id"": ""roi2"", ""display_name"": ""密封圈1"", ""camera_id"": ""cam1"", ""roi_label"": ""roi2"", ""algorithm_code"": ""shared_backbone_register"", ""enabled"": true, ""params"": {}, ""result"": ""NG"", ""detail"": ""diff=-0.1408 match=636.1ms infer=181.0ms""}, {""item_id"": ""roi3"", ""display_name"": ""密封圈2"", ""camera_id"": ""cam1"", ""roi_label"": ""roi3"", ""algorithm_code"": ""shared_backbone_register"", ""enabled"": true, ""params"": {}, ""result"": ""NG"", ""detail"": ""diff=-0.0215 match=636.1ms infer=176.0ms""}]",二次锁:NG; 密封圈1:NG; 密封圈2:NG,636.089699997683,runtime_20260324_132957_560762
2026-03-24 13:32:51,20261026_250A,line2dup_recipe.json,,NG,NG,,1797,False,,,True,True,pending,107.94369998620823,"20260324_133249_813760_cam1.png pred=NG NG: 二次锁, 密封圈1, 密封圈2 match=797.6ms infer=482.4ms",C:\Users\goney\Desktop\MatchTemplate2\EmbeddingTest\.qr_session\20261026_250A\runtime_capture\20260324_133249_813760_cam1.png,482.39949997514486,797.6211999921361,NG,1,cam1:NG,107.94369998620823,2026-03-24T13:32:51,482.39949997514486,shared_backbone_register,cam1,diff=-0.0074 match=797.6ms infer=155.2ms,True,roi1,二次锁,{},NG,roi1,shared_backbone_register,cam1,diff=-0.0916 match=797.6ms infer=160.4ms,True,roi2,密封圈1,{},NG,roi2,shared_backbone_register,cam1,diff=-0.0183 match=797.6ms infer=166.8ms,True,roi3,密封圈2,{},NG,roi3,3,"[{""item_id"": ""roi1"", ""display_name"": ""二次锁"", ""camera_id"": ""cam1"", ""roi_label"": ""roi1"", ""algorithm_code"": ""shared_backbone_register"", ""enabled"": true, ""params"": {}, ""result"": ""NG"", ""detail"": ""diff=-0.0074 match=797.6ms infer=155.2ms""}, {""item_id"": ""roi2"", ""display_name"": ""密封圈1"", ""camera_id"": ""cam1"", ""roi_label"": ""roi2"", ""algorithm_code"": ""shared_backbone_register"", ""enabled"": true, ""params"": {}, ""result"": ""NG"", ""detail"": ""diff=-0.0916 match=797.6ms infer=160.4ms""}, {""item_id"": ""roi3"", ""display_name"": ""密封圈2"", ""camera_id"": ""cam1"", ""roi_label"": ""roi3"", ""algorithm_code"": ""shared_backbone_register"", ""enabled"": true, ""params"": {}, ""result"": ""NG"", ""detail"": ""diff=-0.0183 match=797.6ms infer=166.8ms""}]",二次锁:NG; 密封圈1:NG; 密封圈2:NG,797.6211999921361,runtime_20260324_133251_662017
2026-03-24 13:45:44,20261026_250A,line2dup_recipe.json,,NG,NG,,1974,False,,,False,False,,106.59490000398364,"20260324_134542_898140_cam1.png pred=NG NG: 二次锁, 密封圈1, 密封圈2 match=767.3ms infer=646.1ms",C:\Users\goney\Desktop\MatchTemplate2\EmbeddingTest\.qr_session\20261026_250A\runtime_capture\20260324_134542_898140_cam1.png,646.1323999974411,767.3285999917425,NG,1,cam1:NG,106.59490000398364,2026-03-24T13:45:44,646.1323999974411,shared_backbone_register,cam1,diff=-0.0037 match=767.3ms infer=210.0ms,True,roi1,二次锁,{},NG,roi1,shared_backbone_register,cam1,diff=-0.0924 match=767.3ms infer=225.7ms,True,roi2,密封圈1,{},NG,roi2,shared_backbone_register,cam1,diff=-0.0204 match=767.3ms infer=210.4ms,True,roi3,密封圈2,{},NG,roi3,3,"[{""item_id"": ""roi1"", ""display_name"": ""二次锁"", ""camera_id"": ""cam1"", ""roi_label"": ""roi1"", ""algorithm_code"": ""shared_backbone_register"", ""enabled"": true, ""params"": {}, ""result"": ""NG"", ""detail"": ""diff=-0.0037 match=767.3ms infer=210.0ms""}, {""item_id"": ""roi2"", ""display_name"": ""密封圈1"", ""camera_id"": ""cam1"", ""roi_label"": ""roi2"", ""algorithm_code"": ""shared_backbone_register"", ""enabled"": true, ""params"": {}, ""result"": ""NG"", ""detail"": ""diff=-0.0924 match=767.3ms infer=225.7ms""}, {""item_id"": ""roi3"", ""display_name"": ""密封圈2"", ""camera_id"": ""cam1"", ""roi_label"": ""roi3"", ""algorithm_code"": ""shared_backbone_register"", ""enabled"": true, ""params"": {}, ""result"": ""NG"", ""detail"": ""diff=-0.0204 match=767.3ms infer=210.4ms""}]",二次锁:NG; 密封圈1:NG; 密封圈2:NG,767.3285999917425,runtime_20260324_134544_938240
2026-03-24 13:45:50,20261026_250A,line2dup_recipe.json,,NG,NG,,1881,False,,,False,False,,22.496099991258234,"20260324_134548_415083_cam1.png pred=NG NG: 二次锁, 密封圈1, 密封圈2 match=743.1ms infer=613.2ms",C:\Users\goney\Desktop\MatchTemplate2\EmbeddingTest\.qr_session\20261026_250A\runtime_capture\20260324_134548_415083_cam1.png,613.1709000037517,743.0673000053503,NG,1,cam1:NG,22.496099991258234,2026-03-24T13:45:50,613.1709000037517,shared_backbone_register,cam1,diff=0.0087 match=743.1ms infer=194.7ms,True,roi1,二次锁,{},NG,roi1,shared_backbone_register,cam1,diff=-0.1045 match=743.1ms infer=210.1ms,True,roi2,密封圈1,{},NG,roi2,shared_backbone_register,cam1,diff=-0.0155 match=743.1ms infer=208.3ms,True,roi3,密封圈2,{},NG,roi3,3,"[{""item_id"": ""roi1"", ""display_name"": ""二次锁"", ""camera_id"": ""cam1"", ""roi_label"": ""roi1"", ""algorithm_code"": ""shared_backbone_register"", ""enabled"": true, ""params"": {}, ""result"": ""NG"", ""detail"": ""diff=0.0087 match=743.1ms infer=194.7ms""}, {""item_id"": ""roi2"", ""display_name"": ""密封圈1"", ""camera_id"": ""cam1"", ""roi_label"": ""roi2"", ""algorithm_code"": ""shared_backbone_register"", ""enabled"": true, ""params"": {}, ""result"": ""NG"", ""detail"": ""diff=-0.1045 match=743.1ms infer=210.1ms""}, {""item_id"": ""roi3"", ""display_name"": ""密封圈2"", ""camera_id"": ""cam1"", ""roi_label"": ""roi3"", ""algorithm_code"": ""shared_backbone_register"", ""enabled"": true, ""params"": {}, ""result"": ""NG"", ""detail"": ""diff=-0.0155 match=743.1ms infer=208.3ms""}]",二次锁:NG; 密封圈1:NG; 密封圈2:NG,743.0673000053503,runtime_20260324_134550_452340
2026-03-24 13:45:57,20261026_250A,line2dup_recipe.json,,NG,NG,,1646,False,,,False,False,,22.32709999952931,"20260324_134555_623676_cam1.png pred=NG NG: 二次锁, 密封圈1, 密封圈2 match=521.5ms infer=627.9ms",C:\Users\goney\Desktop\MatchTemplate2\EmbeddingTest\.qr_session\20261026_250A\runtime_capture\20260324_134555_623676_cam1.png,627.8514000005089,521.5165999979945,NG,1,cam1:NG,22.32709999952931,2026-03-24T13:45:57,627.8514000005089,shared_backbone_register,cam1,diff=-0.0786 match=521.5ms infer=233.8ms,True,roi1,二次锁,{},NG,roi1,shared_backbone_register,cam1,diff=-0.1687 match=521.5ms infer=203.4ms,True,roi2,密封圈1,{},NG,roi2,shared_backbone_register,cam1,diff=-0.1311 match=521.5ms infer=190.7ms,True,roi3,密封圈2,{},NG,roi3,3,"[{""item_id"": ""roi1"", ""display_name"": ""二次锁"", ""camera_id"": ""cam1"", ""roi_label"": ""roi1"", ""algorithm_code"": ""shared_backbone_register"", ""enabled"": true, ""params"": {}, ""result"": ""NG"", ""detail"": ""diff=-0.0786 match=521.5ms infer=233.8ms""}, {""item_id"": ""roi2"", ""display_name"": ""密封圈1"", ""camera_id"": ""cam1"", ""roi_label"": ""roi2"", ""algorithm_code"": ""shared_backbone_register"", ""enabled"": true, ""params"": {}, ""result"": ""NG"", ""detail"": ""diff=-0.1687 match=521.5ms infer=203.4ms""}, {""item_id"": ""roi3"", ""display_name"": ""密封圈2"", ""camera_id"": ""cam1"", ""roi_label"": ""roi3"", ""algorithm_code"": ""shared_backbone_register"", ""enabled"": true, ""params"": {}, ""result"": ""NG"", ""detail"": ""diff=-0.1311 match=521.5ms infer=190.7ms""}]",二次锁:NG; 密封圈1:NG; 密封圈2:NG,521.5165999979945,runtime_20260324_134557_406063
2026-03-24 13:47:14,20261026_250A,line2dup_recipe.json,,NG,NG,,1845,False,,,True,True,pending,118.79429999680724,"20260324_134712_524125_cam1.png pred=NG NG: 二次锁, 密封圈1, 密封圈2 match=725.3ms infer=539.0ms",C:\Users\goney\Desktop\MatchTemplate2\EmbeddingTest\.qr_session\20261026_250A\runtime_capture\20260324_134712_524125_cam1.png,538.9723999833222,725.3190000046743,NG,1,cam1:NG,118.79429999680724,2026-03-24T13:47:14,538.9723999833222,shared_backbone_register,cam1,diff=-0.0179 match=725.3ms infer=180.5ms,True,roi1,二次锁,{},NG,roi1,shared_backbone_register,cam1,diff=-0.0746 match=725.3ms infer=173.0ms,True,roi2,密封圈1,{},NG,roi2,shared_backbone_register,cam1,diff=-0.0080 match=725.3ms infer=185.5ms,True,roi3,密封圈2,{},NG,roi3,3,"[{""item_id"": ""roi1"", ""display_name"": ""二次锁"", ""camera_id"": ""cam1"", ""roi_label"": ""roi1"", ""algorithm_code"": ""shared_backbone_register"", ""enabled"": true, ""params"": {}, ""result"": ""NG"", ""detail"": ""diff=-0.0179 match=725.3ms infer=180.5ms""}, {""item_id"": ""roi2"", ""display_name"": ""密封圈1"", ""camera_id"": ""cam1"", ""roi_label"": ""roi2"", ""algorithm_code"": ""shared_backbone_register"", ""enabled"": true, ""params"": {}, ""result"": ""NG"", ""detail"": ""diff=-0.0746 match=725.3ms infer=173.0ms""}, {""item_id"": ""roi3"", ""display_name"": ""密封圈2"", ""camera_id"": ""cam1"", ""roi_label"": ""roi3"", ""algorithm_code"": ""shared_backbone_register"", ""enabled"": true, ""params"": {}, ""result"": ""NG"", ""detail"": ""diff=-0.0080 match=725.3ms infer=185.5ms""}]",二次锁:NG; 密封圈1:NG; 密封圈2:NG,725.3190000046743,runtime_20260324_134714_408968
2026-03-24 14:06:20,20261026_250A,line2dup_recipe.json,,NG,NG,,1612,False,,,False,False,,110.44920000131242,"20260324_140619_114955_cam1.png pred=NG NG: 二次锁, 密封圈1, 密封圈2 match=632.6ms infer=470.8ms",C:\Users\goney\Desktop\MatchTemplate2\EmbeddingTest\.qr_session\20261026_250A\runtime_capture\20260324_140619_114955_cam1.png,470.7537000067532,632.5582999998005,NG,1,cam1:NG,110.44920000131242,2026-03-24T14:06:20,470.7537000067532,shared_backbone_register,cam1,diff=-0.0385 match=632.6ms infer=158.9ms,True,roi1,二次锁,{},NG,roi1,shared_backbone_register,cam1,diff=-0.0626 match=632.6ms infer=171.9ms,True,roi2,密封圈1,{},NG,roi2,meanintensity,cam1,diff=-75.2749 match=632.6ms infer=140.0ms,True,roi3,密封圈2,{},NG,roi3,3,"[{""item_id"": ""roi1"", ""display_name"": ""二次锁"", ""camera_id"": ""cam1"", ""roi_label"": ""roi1"", ""algorithm_code"": ""shared_backbone_register"", ""enabled"": true, ""params"": {}, ""result"": ""NG"", ""detail"": ""diff=-0.0385 match=632.6ms infer=158.9ms""}, {""item_id"": ""roi2"", ""display_name"": ""密封圈1"", ""camera_id"": ""cam1"", ""roi_label"": ""roi2"", ""algorithm_code"": ""shared_backbone_register"", ""enabled"": true, ""params"": {}, ""result"": ""NG"", ""detail"": ""diff=-0.0626 match=632.6ms infer=171.9ms""}, {""item_id"": ""roi3"", ""display_name"": ""密封圈2"", ""camera_id"": ""cam1"", ""roi_label"": ""roi3"", ""algorithm_code"": ""meanintensity"", ""enabled"": true, ""params"": {}, ""result"": ""NG"", ""detail"": ""diff=-75.2749 match=632.6ms infer=140.0ms""}]",二次锁:NG; 密封圈1:NG; 密封圈2:NG,632.5582999998005,runtime_20260324_140620_743864
2026-03-24 14:06:33,20261026_250A,line2dup_recipe.json,,NG,NG,,1605,False,,,False,False,,21.63289999589324,"20260324_140631_880907_cam1.png pred=NG NG: 二次锁, 密封圈1, 密封圈2 match=716.2ms infer=472.2ms",C:\Users\goney\Desktop\MatchTemplate2\EmbeddingTest\.qr_session\20261026_250A\runtime_capture\20260324_140631_880907_cam1.png,472.209199986537,716.2491999915801,NG,1,cam1:NG,21.63289999589324,2026-03-24T14:06:33,472.209199986537,shared_backbone_register,cam1,diff=-0.2024 match=716.2ms infer=167.3ms,True,roi1,二次锁,{},NG,roi1,shared_backbone_register,cam1,diff=-0.0814 match=716.2ms infer=170.5ms,True,roi2,密封圈1,{},NG,roi2,meanintensity,cam1,diff=-73.8837 match=716.2ms infer=134.4ms,True,roi3,密封圈2,{},NG,roi3,3,"[{""item_id"": ""roi1"", ""display_name"": ""二次锁"", ""camera_id"": ""cam1"", ""roi_label"": ""roi1"", ""algorithm_code"": ""shared_backbone_register"", ""enabled"": true, ""params"": {}, ""result"": ""NG"", ""detail"": ""diff=-0.2024 match=716.2ms infer=167.3ms""}, {""item_id"": ""roi2"", ""display_name"": ""密封圈1"", ""camera_id"": ""cam1"", ""roi_label"": ""roi2"", ""algorithm_code"": ""shared_backbone_register"", ""enabled"": true, ""params"": {}, ""result"": ""NG"", ""detail"": ""diff=-0.0814 match=716.2ms infer=170.5ms""}, {""item_id"": ""roi3"", ""display_name"": ""密封圈2"", ""camera_id"": ""cam1"", ""roi_label"": ""roi3"", ""algorithm_code"": ""meanintensity"", ""enabled"": true, ""params"": {}, ""result"": ""NG"", ""detail"": ""diff=-73.8837 match=716.2ms infer=134.4ms""}]",二次锁:NG; 密封圈1:NG; 密封圈2:NG,716.2491999915801,runtime_20260324_140633_617827
2026-03-24 14:06:39,20261026_250A,line2dup_recipe.json,,NG,NG,,1539,False,,,False,False,,21.68089999759104,"20260324_140638_077954_cam1.png pred=NG NG: 二次锁, 密封圈1, 密封圈2 match=628.0ms infer=482.9ms",C:\Users\goney\Desktop\MatchTemplate2\EmbeddingTest\.qr_session\20261026_250A\runtime_capture\20260324_140638_077954_cam1.png,482.86110001208726,627.9619999986608,NG,1,cam1:NG,21.68089999759104,2026-03-24T14:06:39,482.86110001208726,shared_backbone_register,cam1,diff=-0.3564 match=628.0ms infer=168.0ms,True,roi1,二次锁,{},NG,roi1,shared_backbone_register,cam1,diff=-0.0069 match=628.0ms infer=170.6ms,True,roi2,密封圈1,{},NG,roi2,meanintensity,cam1,diff=-59.2485 match=628.0ms infer=144.2ms,True,roi3,密封圈2,{},NG,roi3,3,"[{""item_id"": ""roi1"", ""display_name"": ""二次锁"", ""camera_id"": ""cam1"", ""roi_label"": ""roi1"", ""algorithm_code"": ""shared_backbone_register"", ""enabled"": true, ""params"": {}, ""result"": ""NG"", ""detail"": ""diff=-0.3564 match=628.0ms infer=168.0ms""}, {""item_id"": ""roi2"", ""display_name"": ""密封圈1"", ""camera_id"": ""cam1"", ""roi_label"": ""roi2"", ""algorithm_code"": ""shared_backbone_register"", ""enabled"": true, ""params"": {}, ""result"": ""NG"", ""detail"": ""diff=-0.0069 match=628.0ms infer=170.6ms""}, {""item_id"": ""roi3"", ""display_name"": ""密封圈2"", ""camera_id"": ""cam1"", ""roi_label"": ""roi3"", ""algorithm_code"": ""meanintensity"", ""enabled"": true, ""params"": {}, ""result"": ""NG"", ""detail"": ""diff=-59.2485 match=628.0ms infer=144.2ms""}]",二次锁:NG; 密封圈1:NG; 密封圈2:NG,627.9619999986608,runtime_20260324_140639_727658
2026-03-24 14:06:46,20261026_250A,line2dup_recipe.json,,NG,NG,,1626,False,,,False,False,,21.605900008580647,"20260324_140644_748400_cam1.png pred=NG NG: 二次锁, 密封圈1, 密封圈2 match=717.2ms infer=475.7ms",C:\Users\goney\Desktop\MatchTemplate2\EmbeddingTest\.qr_session\20261026_250A\runtime_capture\20260324_140644_748400_cam1.png,475.7073999790009,717.1522999997251,NG,1,cam1:NG,21.605900008580647,2026-03-24T14:06:46,475.7073999790009,shared_backbone_register,cam1,diff=-0.0631 match=717.2ms infer=156.6ms,True,roi1,二次锁,{},NG,roi1,shared_backbone_register,cam1,diff=-0.1422 match=717.2ms infer=194.2ms,True,roi2,密封圈1,{},NG,roi2,meanintensity,cam1,diff=-74.1336 match=717.2ms infer=124.9ms,True,roi3,密封圈2,{},NG,roi3,3,"[{""item_id"": ""roi1"", ""display_name"": ""二次锁"", ""camera_id"": ""cam1"", ""roi_label"": ""roi1"", ""algorithm_code"": ""shared_backbone_register"", ""enabled"": true, ""params"": {}, ""result"": ""NG"", ""detail"": ""diff=-0.0631 match=717.2ms infer=156.6ms""}, {""item_id"": ""roi2"", ""display_name"": ""密封圈1"", ""camera_id"": ""cam1"", ""roi_label"": ""roi2"", ""algorithm_code"": ""shared_backbone_register"", ""enabled"": true, ""params"": {}, ""result"": ""NG"", ""detail"": ""diff=-0.1422 match=717.2ms infer=194.2ms""}, {""item_id"": ""roi3"", ""display_name"": ""密封圈2"", ""camera_id"": ""cam1"", ""roi_label"": ""roi3"", ""algorithm_code"": ""meanintensity"", ""enabled"": true, ""params"": {}, ""result"": ""NG"", ""detail"": ""diff=-74.1336 match=717.2ms infer=124.9ms""}]",二次锁:NG; 密封圈1:NG; 密封圈2:NG,717.1522999997251,runtime_20260324_140646_491351
2026-03-24 14:06:52,20261026_250A,line2dup_recipe.json,,NG,NG,,1521,False,,,False,False,,22.101399998064153,"20260324_140650_404638_cam1.png pred=NG NG: 密封圈1, 密封圈2 match=626.5ms infer=479.3ms",C:\Users\goney\Desktop\MatchTemplate2\EmbeddingTest\.qr_session\20261026_250A\runtime_capture\20260324_140650_404638_cam1.png,479.2645999987144,626.5157000016188,NG,1,cam1:NG,22.101399998064153,2026-03-24T14:06:52,479.2645999987144,shared_backbone_register,cam1,diff=0.0206 match=626.5ms infer=165.6ms,True,roi1,二次锁,{},OK,roi1,shared_backbone_register,cam1,diff=-0.0291 match=626.5ms infer=174.3ms,True,roi2,密封圈1,{},NG,roi2,meanintensity,cam1,diff=-96.5516 match=626.5ms infer=139.3ms,True,roi3,密封圈2,{},NG,roi3,3,"[{""item_id"": ""roi1"", ""display_name"": ""二次锁"", ""camera_id"": ""cam1"", ""roi_label"": ""roi1"", ""algorithm_code"": ""shared_backbone_register"", ""enabled"": true, ""params"": {}, ""result"": ""OK"", ""detail"": ""diff=0.0206 match=626.5ms infer=165.6ms""}, {""item_id"": ""roi2"", ""display_name"": ""密封圈1"", ""camera_id"": ""cam1"", ""roi_label"": ""roi2"", ""algorithm_code"": ""shared_backbone_register"", ""enabled"": true, ""params"": {}, ""result"": ""NG"", ""detail"": ""diff=-0.0291 match=626.5ms infer=174.3ms""}, {""item_id"": ""roi3"", ""display_name"": ""密封圈2"", ""camera_id"": ""cam1"", ""roi_label"": ""roi3"", ""algorithm_code"": ""meanintensity"", ""enabled"": true, ""params"": {}, ""result"": ""NG"", ""detail"": ""diff=-96.5516 match=626.5ms infer=139.3ms""}]",二次锁:OK; 密封圈1:NG; 密封圈2:NG,626.5157000016188,runtime_20260324_140652_048510
2026-03-24 14:06:58,20261026_250A,line2dup_recipe.json,,NG,NG,,1559,False,,,False,False,,21.75159999751486,"20260324_140656_539454_cam1.png pred=NG NG: 二次锁, 密封圈2 match=658.1ms infer=478.2ms",C:\Users\goney\Desktop\MatchTemplate2\EmbeddingTest\.qr_session\20261026_250A\runtime_capture\20260324_140656_539454_cam1.png,478.2402999990154,658.1295000069076,NG,1,cam1:NG,21.75159999751486,2026-03-24T14:06:58,478.2402999990154,shared_backbone_register,cam1,diff=-0.2955 match=658.1ms infer=163.8ms,True,roi1,二次锁,{},NG,roi1,shared_backbone_register,cam1,diff=0.0859 match=658.1ms infer=174.2ms,True,roi2,密封圈1,{},OK,roi2,meanintensity,cam1,diff=-58.4102 match=658.1ms infer=140.3ms,True,roi3,密封圈2,{},NG,roi3,3,"[{""item_id"": ""roi1"", ""display_name"": ""二次锁"", ""camera_id"": ""cam1"", ""roi_label"": ""roi1"", ""algorithm_code"": ""shared_backbone_register"", ""enabled"": true, ""params"": {}, ""result"": ""NG"", ""detail"": ""diff=-0.2955 match=658.1ms infer=163.8ms""}, {""item_id"": ""roi2"", ""display_name"": ""密封圈1"", ""camera_id"": ""cam1"", ""roi_label"": ""roi2"", ""algorithm_code"": ""shared_backbone_register"", ""enabled"": true, ""params"": {}, ""result"": ""OK"", ""detail"": ""diff=0.0859 match=658.1ms infer=174.2ms""}, {""item_id"": ""roi3"", ""display_name"": ""密封圈2"", ""camera_id"": ""cam1"", ""roi_label"": ""roi3"", ""algorithm_code"": ""meanintensity"", ""enabled"": true, ""params"": {}, ""result"": ""NG"", ""detail"": ""diff=-58.4102 match=658.1ms infer=140.3ms""}]",二次锁:NG; 密封圈1:OK; 密封圈2:NG,658.1295000069076,runtime_20260324_140658_222960
2026-03-24 14:07:11,20261026_250A,line2dup_recipe.json,,NG,NG,,1627,False,,,False,False,,21.647299989126623,"20260324_140709_708195_cam1.png pred=NG NG: 二次锁, 密封圈1, 密封圈2 match=728.4ms infer=480.9ms",C:\Users\goney\Desktop\MatchTemplate2\EmbeddingTest\.qr_session\20261026_250A\runtime_capture\20260324_140709_708195_cam1.png,480.9443999984069,728.3819000003859,NG,1,cam1:NG,21.647299989126623,2026-03-24T14:07:11,480.9443999984069,shared_backbone_register,cam1,diff=-0.2967 match=728.4ms infer=168.9ms,True,roi1,二次锁,{},NG,roi1,shared_backbone_register,cam1,diff=-0.0145 match=728.4ms infer=178.9ms,True,roi2,密封圈1,{},NG,roi2,meanintensity,cam1,diff=-54.4287 match=728.4ms infer=133.2ms,True,roi3,密封圈2,{},NG,roi3,3,"[{""item_id"": ""roi1"", ""display_name"": ""二次锁"", ""camera_id"": ""cam1"", ""roi_label"": ""roi1"", ""algorithm_code"": ""shared_backbone_register"", ""enabled"": true, ""params"": {}, ""result"": ""NG"", ""detail"": ""diff=-0.2967 match=728.4ms infer=168.9ms""}, {""item_id"": ""roi2"", ""display_name"": ""密封圈1"", ""camera_id"": ""cam1"", ""roi_label"": ""roi2"", ""algorithm_code"": ""shared_backbone_register"", ""enabled"": true, ""params"": {}, ""result"": ""NG"", ""detail"": ""diff=-0.0145 match=728.4ms infer=178.9ms""}, {""item_id"": ""roi3"", ""display_name"": ""密封圈2"", ""camera_id"": ""cam1"", ""roi_label"": ""roi3"", ""algorithm_code"": ""meanintensity"", ""enabled"": true, ""params"": {}, ""result"": ""NG"", ""detail"": ""diff=-54.4287 match=728.4ms infer=133.2ms""}]",二次锁:NG; 密封圈1:NG; 密封圈2:NG,728.3819000003859,runtime_20260324_140711_462434
2026-03-24 14:07:17,20261026_250A,line2dup_recipe.json,,NG,NG,,1447,False,,,False,False,,21.98330000101123,"20260324_140715_521571_cam1.png pred=NG NG: 二次锁, 密封圈1, 密封圈2 match=538.0ms infer=477.9ms",C:\Users\goney\Desktop\MatchTemplate2\EmbeddingTest\.qr_session\20261026_250A\runtime_capture\20260324_140715_521571_cam1.png,477.91820000566076,537.9851999896346,NG,1,cam1:NG,21.98330000101123,2026-03-24T14:07:17,477.91820000566076,shared_backbone_register,cam1,diff=-0.2646 match=538.0ms infer=168.2ms,True,roi1,二次锁,{},NG,roi1,shared_backbone_register,cam1,diff=-0.1365 match=538.0ms infer=173.5ms,True,roi2,密封圈1,{},NG,roi2,meanintensity,cam1,diff=-49.7033 match=538.0ms infer=136.3ms,True,roi3,密封圈2,{},NG,roi3,3,"[{""item_id"": ""roi1"", ""display_name"": ""二次锁"", ""camera_id"": ""cam1"", ""roi_label"": ""roi1"", ""algorithm_code"": ""shared_backbone_register"", ""enabled"": true, ""params"": {}, ""result"": ""NG"", ""detail"": ""diff=-0.2646 match=538.0ms infer=168.2ms""}, {""item_id"": ""roi2"", ""display_name"": ""密封圈1"", ""camera_id"": ""cam1"", ""roi_label"": ""roi2"", ""algorithm_code"": ""shared_backbone_register"", ""enabled"": true, ""params"": {}, ""result"": ""NG"", ""detail"": ""diff=-0.1365 match=538.0ms infer=173.5ms""}, {""item_id"": ""roi3"", ""display_name"": ""密封圈2"", ""camera_id"": ""cam1"", ""roi_label"": ""roi3"", ""algorithm_code"": ""meanintensity"", ""enabled"": true, ""params"": {}, ""result"": ""NG"", ""detail"": ""diff=-49.7033 match=538.0ms infer=136.3ms""}]",二次锁:NG; 密封圈1:NG; 密封圈2:NG,537.9851999896346,runtime_20260324_140717_090470
2026-03-24 14:15:43,20261026_250A,line2dup_recipe.json,,NG,NG,,1420,False,,,False,False,,22.553799994057044,"20260324_141541_584424_cam1.png pred=NG NG: 二次锁, 密封圈2 match=539.1ms infer=436.6ms",C:\Users\goney\Desktop\MatchTemplate2\EmbeddingTest\.qr_session\20261026_250A\runtime_capture\20260324_141541_584424_cam1.png,436.5812000032747,539.0509999997448,NG,1,cam1:NG,22.553799994057044,2026-03-24T14:15:43,436.5812000032747,shared_backbone_register,cam1,diff=-0.0522 match=539.1ms infer=182.8ms,True,roi1,二次锁,{},NG,roi1,meanhsv_s,cam1,diff=83.3894 match=539.1ms infer=130.3ms,True,roi2,密封圈1,{},OK,roi2,meanintensity,cam1,diff=-77.7319 match=539.1ms infer=123.5ms,True,roi3,密封圈2,{},NG,roi3,3,"[{""item_id"": ""roi1"", ""display_name"": ""二次锁"", ""camera_id"": ""cam1"", ""roi_label"": ""roi1"", ""algorithm_code"": ""shared_backbone_register"", ""enabled"": true, ""params"": {}, ""result"": ""NG"", ""detail"": ""diff=-0.0522 match=539.1ms infer=182.8ms""}, {""item_id"": ""roi2"", ""display_name"": ""密封圈1"", ""camera_id"": ""cam1"", ""roi_label"": ""roi2"", ""algorithm_code"": ""meanhsv_s"", ""enabled"": true, ""params"": {}, ""result"": ""OK"", ""detail"": ""diff=83.3894 match=539.1ms infer=130.3ms""}, {""item_id"": ""roi3"", ""display_name"": ""密封圈2"", ""camera_id"": ""cam1"", ""roi_label"": ""roi3"", ""algorithm_code"": ""meanintensity"", ""enabled"": true, ""params"": {}, ""result"": ""NG"", ""detail"": ""diff=-77.7319 match=539.1ms infer=123.5ms""}]",二次锁:NG; 密封圈1:OK; 密封圈2:NG,539.0509999997448,runtime_20260324_141543_111387
2026-03-24 14:15:50,20261026_250A,line2dup_recipe.json,,OK,OK,,1464,False,,,False,False,,21.87860000412911,20260324_141549_111295_cam1.png pred=OK 3 items OK match=640.6ms infer=413.7ms,,413.7235999805853,640.6005000026198,OK,1,cam1:OK,21.87860000412911,2026-03-24T14:15:50,413.7235999805853,shared_backbone_register,cam1,diff=0.3437 match=640.6ms infer=160.9ms,True,roi1,二次锁,{},OK,roi1,meanhsv_s,cam1,diff=39.6899 match=640.6ms infer=128.1ms,True,roi2,密封圈1,{},OK,roi2,meanintensity,cam1,diff=6.7459 match=640.6ms infer=124.7ms,True,roi3,密封圈2,{},OK,roi3,3,"[{""item_id"": ""roi1"", ""display_name"": ""二次锁"", ""camera_id"": ""cam1"", ""roi_label"": ""roi1"", ""algorithm_code"": ""shared_backbone_register"", ""enabled"": true, ""params"": {}, ""result"": ""OK"", ""detail"": ""diff=0.3437 match=640.6ms infer=160.9ms""}, {""item_id"": ""roi2"", ""display_name"": ""密封圈1"", ""camera_id"": ""cam1"", ""roi_label"": ""roi2"", ""algorithm_code"": ""meanhsv_s"", ""enabled"": true, ""params"": {}, ""result"": ""OK"", ""detail"": ""diff=39.6899 match=640.6ms infer=128.1ms""}, {""item_id"": ""roi3"", ""display_name"": ""密封圈2"", ""camera_id"": ""cam1"", ""roi_label"": ""roi3"", ""algorithm_code"": ""meanintensity"", ""enabled"": true, ""params"": {}, ""result"": ""OK"", ""detail"": ""diff=6.7459 match=640.6ms infer=124.7ms""}]",二次锁:OK; 密封圈1:OK; 密封圈2:OK,640.6005000026198,runtime_20260324_141550_687299
2026-03-24 14:15:59,20261026_250A,line2dup_recipe.json,,OK,OK,,1622,False,,,False,False,,21.50909999909345,20260324_141557_926632_cam1.png pred=OK 3 items OK match=793.9ms infer=422.2ms,C:\Users\goney\Desktop\MatchTemplate2\EmbeddingTest\.qr_session\20261026_250A\runtime_capture\20260324_141557_926632_cam1.png,422.2395999968285,793.8764999998966,OK,1,cam1:OK,21.50909999909345,2026-03-24T14:15:59,422.2395999968285,shared_backbone_register,cam1,diff=0.3484 match=793.9ms infer=164.6ms,True,roi1,二次锁,{},OK,roi1,meanhsv_s,cam1,diff=34.2567 match=793.9ms infer=129.9ms,True,roi2,密封圈1,{},OK,roi2,meanintensity,cam1,diff=6.8089 match=793.9ms infer=127.8ms,True,roi3,密封圈2,{},OK,roi3,3,"[{""item_id"": ""roi1"", ""display_name"": ""二次锁"", ""camera_id"": ""cam1"", ""roi_label"": ""roi1"", ""algorithm_code"": ""shared_backbone_register"", ""enabled"": true, ""params"": {}, ""result"": ""OK"", ""detail"": ""diff=0.3484 match=793.9ms infer=164.6ms""}, {""item_id"": ""roi2"", ""display_name"": ""密封圈1"", ""camera_id"": ""cam1"", ""roi_label"": ""roi2"", ""algorithm_code"": ""meanhsv_s"", ""enabled"": true, ""params"": {}, ""result"": ""OK"", ""detail"": ""diff=34.2567 match=793.9ms infer=129.9ms""}, {""item_id"": ""roi3"", ""display_name"": ""密封圈2"", ""camera_id"": ""cam1"", ""roi_label"": ""roi3"", ""algorithm_code"": ""meanintensity"", ""enabled"": true, ""params"": {}, ""result"": ""OK"", ""detail"": ""diff=6.8089 match=793.9ms infer=127.8ms""}]",二次锁:OK; 密封圈1:OK; 密封圈2:OK,793.8764999998966,runtime_20260324_141559_670074
2026-03-24 14:16:10,20261026_250A,line2dup_recipe.json,,OK,OK,,1453,False,,,False,False,,21.9033000030322,20260324_141608_555681_cam1.png pred=OK 3 items OK match=611.8ms infer=424.3ms,C:\Users\goney\Desktop\MatchTemplate2\EmbeddingTest\.qr_session\20261026_250A\runtime_capture\20260324_141608_555681_cam1.png,424.3231000000378,611.7909000022337,OK,1,cam1:OK,21.9033000030322,2026-03-24T14:16:10,424.3231000000378,shared_backbone_register,cam1,diff=0.3429 match=611.8ms infer=167.3ms,True,roi1,二次锁,{},OK,roi1,meanhsv_s,cam1,diff=65.2812 match=611.8ms infer=129.3ms,True,roi2,密封圈1,{},OK,roi2,meanintensity,cam1,diff=5.1932 match=611.8ms infer=127.7ms,True,roi3,密封圈2,{},OK,roi3,3,"[{""item_id"": ""roi1"", ""display_name"": ""二次锁"", ""camera_id"": ""cam1"", ""roi_label"": ""roi1"", ""algorithm_code"": ""shared_backbone_register"", ""enabled"": true, ""params"": {}, ""result"": ""OK"", ""detail"": ""diff=0.3429 match=611.8ms infer=167.3ms""}, {""item_id"": ""roi2"", ""display_name"": ""密封圈1"", ""camera_id"": ""cam1"", ""roi_label"": ""roi2"", ""algorithm_code"": ""meanhsv_s"", ""enabled"": true, ""params"": {}, ""result"": ""OK"", ""detail"": ""diff=65.2812 match=611.8ms infer=129.3ms""}, {""item_id"": ""roi3"", ""display_name"": ""密封圈2"", ""camera_id"": ""cam1"", ""roi_label"": ""roi3"", ""algorithm_code"": ""meanintensity"", ""enabled"": true, ""params"": {}, ""result"": ""OK"", ""detail"": ""diff=5.1932 match=611.8ms infer=127.7ms""}]",二次锁:OK; 密封圈1:OK; 密封圈2:OK,611.7909000022337,runtime_20260324_141610_126355
2026-03-24 14:16:14,20261026_250A,line2dup_recipe.json,,OK,OK,,1627,False,,,False,False,,22.016100003384054,20260324_141613_158320_cam1.png pred=OK 3 items OK match=766.8ms infer=422.2ms,C:\Users\goney\Desktop\MatchTemplate2\EmbeddingTest\.qr_session\20261026_250A\runtime_capture\20260324_141613_158320_cam1.png,422.2118000034243,766.7722999904072,OK,1,cam1:OK,22.016100003384054,2026-03-24T14:16:14,422.2118000034243,shared_backbone_register,cam1,diff=0.3758 match=766.8ms infer=152.8ms,True,roi1,二次锁,{},OK,roi1,meanhsv_s,cam1,diff=64.0390 match=766.8ms infer=148.9ms,True,roi2,密封圈1,{},OK,roi2,meanintensity,cam1,diff=4.6115 match=766.8ms infer=120.6ms,True,roi3,密封圈2,{},OK,roi3,3,"[{""item_id"": ""roi1"", ""display_name"": ""二次锁"", ""camera_id"": ""cam1"", ""roi_label"": ""roi1"", ""algorithm_code"": ""shared_backbone_register"", ""enabled"": true, ""params"": {}, ""result"": ""OK"", ""detail"": ""diff=0.3758 match=766.8ms infer=152.8ms""}, {""item_id"": ""roi2"", ""display_name"": ""密封圈1"", ""camera_id"": ""cam1"", ""roi_label"": ""roi2"", ""algorithm_code"": ""meanhsv_s"", ""enabled"": true, ""params"": {}, ""result"": ""OK"", ""detail"": ""diff=64.0390 match=766.8ms infer=148.9ms""}, {""item_id"": ""roi3"", ""display_name"": ""密封圈2"", ""camera_id"": ""cam1"", ""roi_label"": ""roi3"", ""algorithm_code"": ""meanintensity"", ""enabled"": true, ""params"": {}, ""result"": ""OK"", ""detail"": ""diff=4.6115 match=766.8ms infer=120.6ms""}]",二次锁:OK; 密封圈1:OK; 密封圈2:OK,766.7722999904072,runtime_20260324_141614_899982
2026-03-24 14:16:18,20261026_250A,line2dup_recipe.json,,OK,OK,,1512,False,,,False,False,,21.909200004301965,20260324_141617_144441_cam1.png pred=OK 3 items OK match=643.5ms infer=442.3ms,C:\Users\goney\Desktop\MatchTemplate2\EmbeddingTest\.qr_session\20261026_250A\runtime_capture\20260324_141617_144441_cam1.png,442.3395000048913,643.4879000007641,OK,1,cam1:OK,21.909200004301965,2026-03-24T14:16:18,442.3395000048913,shared_backbone_register,cam1,diff=0.3837 match=643.5ms infer=170.5ms,True,roi1,二次锁,{},OK,roi1,meanhsv_s,cam1,diff=62.8866 match=643.5ms infer=140.4ms,True,roi2,密封圈1,{},OK,roi2,meanintensity,cam1,diff=3.2083 match=643.5ms infer=131.4ms,True,roi3,密封圈2,{},OK,roi3,3,"[{""item_id"": ""roi1"", ""display_name"": ""二次锁"", ""camera_id"": ""cam1"", ""roi_label"": ""roi1"", ""algorithm_code"": ""shared_backbone_register"", ""enabled"": true, ""params"": {}, ""result"": ""OK"", ""detail"": ""diff=0.3837 match=643.5ms infer=170.5ms""}, {""item_id"": ""roi2"", ""display_name"": ""密封圈1"", ""camera_id"": ""cam1"", ""roi_label"": ""roi2"", ""algorithm_code"": ""meanhsv_s"", ""enabled"": true, ""params"": {}, ""result"": ""OK"", ""detail"": ""diff=62.8866 match=643.5ms infer=140.4ms""}, {""item_id"": ""roi3"", ""display_name"": ""密封圈2"", ""camera_id"": ""cam1"", ""roi_label"": ""roi3"", ""algorithm_code"": ""meanintensity"", ""enabled"": true, ""params"": {}, ""result"": ""OK"", ""detail"": ""diff=3.2083 match=643.5ms infer=131.4ms""}]",二次锁:OK; 密封圈1:OK; 密封圈2:OK,643.4879000007641,runtime_20260324_141618_772645
2026-03-24 14:16:22,20261026_250A,line2dup_recipe.json,,OK,OK,,1399,False,,,False,False,,21.993999995174818,20260324_141621_218444_cam1.png pred=OK 3 items OK match=554.6ms infer=422.3ms,C:\Users\goney\Desktop\MatchTemplate2\EmbeddingTest\.qr_session\20261026_250A\runtime_capture\20260324_141621_218444_cam1.png,422.3263000167208,554.5970999955898,OK,1,cam1:OK,21.993999995174818,2026-03-24T14:16:22,422.3263000167208,shared_backbone_register,cam1,diff=0.3030 match=554.6ms infer=162.1ms,True,roi1,二次锁,{},OK,roi1,meanhsv_s,cam1,diff=62.7691 match=554.6ms infer=127.3ms,True,roi2,密封圈1,{},OK,roi2,meanintensity,cam1,diff=3.3929 match=554.6ms infer=132.9ms,True,roi3,密封圈2,{},OK,roi3,3,"[{""item_id"": ""roi1"", ""display_name"": ""二次锁"", ""camera_id"": ""cam1"", ""roi_label"": ""roi1"", ""algorithm_code"": ""shared_backbone_register"", ""enabled"": true, ""params"": {}, ""result"": ""OK"", ""detail"": ""diff=0.3030 match=554.6ms infer=162.1ms""}, {""item_id"": ""roi2"", ""display_name"": ""密封圈1"", ""camera_id"": ""cam1"", ""roi_label"": ""roi2"", ""algorithm_code"": ""meanhsv_s"", ""enabled"": true, ""params"": {}, ""result"": ""OK"", ""detail"": ""diff=62.7691 match=554.6ms infer=127.3ms""}, {""item_id"": ""roi3"", ""display_name"": ""密封圈2"", ""camera_id"": ""cam1"", ""roi_label"": ""roi3"", ""algorithm_code"": ""meanintensity"", ""enabled"": true, ""params"": {}, ""result"": ""OK"", ""detail"": ""diff=3.3929 match=554.6ms infer=132.9ms""}]",二次锁:OK; 密封圈1:OK; 密封圈2:OK,554.5970999955898,runtime_20260324_141622_731603
2026-03-24 14:16:26,20261026_250A,line2dup_recipe.json,,NG,NG,,1455,False,,,False,False,,21.397499993327074,20260324_141625_170512_cam1.png pred=NG NG: 密封圈2 diff=-0.9282 match=627.5ms infer=417.5ms,C:\Users\goney\Desktop\MatchTemplate2\EmbeddingTest\.qr_session\20261026_250A\runtime_capture\20260324_141625_170512_cam1.png,417.53700000117533,627.4835999938659,NG,1,cam1:NG,21.397499993327074,2026-03-24T14:16:26,417.53700000117533,shared_backbone_register,cam1,diff=0.3431 match=627.5ms infer=158.9ms,True,roi1,二次锁,{},OK,roi1,meanhsv_s,cam1,diff=15.5398 match=627.5ms infer=128.1ms,True,roi2,密封圈1,{},OK,roi2,meanintensity,cam1,diff=-0.9282 match=627.5ms infer=130.5ms,True,roi3,密封圈2,{},NG,roi3,3,"[{""item_id"": ""roi1"", ""display_name"": ""二次锁"", ""camera_id"": ""cam1"", ""roi_label"": ""roi1"", ""algorithm_code"": ""shared_backbone_register"", ""enabled"": true, ""params"": {}, ""result"": ""OK"", ""detail"": ""diff=0.3431 match=627.5ms infer=158.9ms""}, {""item_id"": ""roi2"", ""display_name"": ""密封圈1"", ""camera_id"": ""cam1"", ""roi_label"": ""roi2"", ""algorithm_code"": ""meanhsv_s"", ""enabled"": true, ""params"": {}, ""result"": ""OK"", ""detail"": ""diff=15.5398 match=627.5ms infer=128.1ms""}, {""item_id"": ""roi3"", ""display_name"": ""密封圈2"", ""camera_id"": ""cam1"", ""roi_label"": ""roi3"", ""algorithm_code"": ""meanintensity"", ""enabled"": true, ""params"": {}, ""result"": ""NG"", ""detail"": ""diff=-0.9282 match=627.5ms infer=130.5ms""}]",二次锁:OK; 密封圈1:OK; 密封圈2:NG,627.4835999938659,runtime_20260324_141626_729240
2026-03-24 14:16:32,20261026_250A,line2dup_recipe.json,,NG,NG,,1612,False,,,False,False,,21.960899990517646,20260324_141630_621648_cam1.png pred=NG NG: 密封圈2 diff=-0.5769 match=763.7ms infer=415.6ms,C:\Users\goney\Desktop\MatchTemplate2\EmbeddingTest\.qr_session\20261026_250A\runtime_capture\20260324_141630_621648_cam1.png,415.5523999943398,763.707300007809,NG,1,cam1:NG,21.960899990517646,2026-03-24T14:16:32,415.5523999943398,shared_backbone_register,cam1,diff=0.3222 match=763.7ms infer=165.8ms,True,roi1,二次锁,{},OK,roi1,meanhsv_s,cam1,diff=24.6626 match=763.7ms infer=130.4ms,True,roi2,密封圈1,{},OK,roi2,meanintensity,cam1,diff=-0.5769 match=763.7ms infer=119.4ms,True,roi3,密封圈2,{},NG,roi3,3,"[{""item_id"": ""roi1"", ""display_name"": ""二次锁"", ""camera_id"": ""cam1"", ""roi_label"": ""roi1"", ""algorithm_code"": ""shared_backbone_register"", ""enabled"": true, ""params"": {}, ""result"": ""OK"", ""detail"": ""diff=0.3222 match=763.7ms infer=165.8ms""}, {""item_id"": ""roi2"", ""display_name"": ""密封圈1"", ""camera_id"": ""cam1"", ""roi_label"": ""roi2"", ""algorithm_code"": ""meanhsv_s"", ""enabled"": true, ""params"": {}, ""result"": ""OK"", ""detail"": ""diff=24.6626 match=763.7ms infer=130.4ms""}, {""item_id"": ""roi3"", ""display_name"": ""密封圈2"", ""camera_id"": ""cam1"", ""roi_label"": ""roi3"", ""algorithm_code"": ""meanintensity"", ""enabled"": true, ""params"": {}, ""result"": ""NG"", ""detail"": ""diff=-0.5769 match=763.7ms infer=119.4ms""}]",二次锁:OK; 密封圈1:OK; 密封圈2:NG,763.707300007809,runtime_20260324_141632_349128
2026-03-24 14:17:48,20261026_250A,line2dup_recipe.json,,NG,NG,,1414,False,,,False,False,,21.795499997097068,20260324_141746_833072_cam1.png pred=NG NG: 密封圈2 diff=-50.5929 match=584.9ms infer=416.6ms,C:\Users\goney\Desktop\MatchTemplate2\EmbeddingTest\.qr_session\20261026_250A\runtime_capture\20260324_141746_833072_cam1.png,416.57430000486784,584.9432999966666,NG,1,cam1:NG,21.795499997097068,2026-03-24T14:17:48,416.57430000486784,shared_backbone_register,cam1,diff=0.3110 match=584.9ms infer=168.1ms,True,roi1,二次锁,{},OK,roi1,meanhsv_s,cam1,diff=31.3594 match=584.9ms infer=125.3ms,True,roi2,密封圈1,{},OK,roi2,meanintensity,cam1,diff=-50.5929 match=584.9ms infer=123.2ms,True,roi3,密封圈2,{},NG,roi3,3,"[{""item_id"": ""roi1"", ""display_name"": ""二次锁"", ""camera_id"": ""cam1"", ""roi_label"": ""roi1"", ""algorithm_code"": ""shared_backbone_register"", ""enabled"": true, ""params"": {}, ""result"": ""OK"", ""detail"": ""diff=0.3110 match=584.9ms infer=168.1ms""}, {""item_id"": ""roi2"", ""display_name"": ""密封圈1"", ""camera_id"": ""cam1"", ""roi_label"": ""roi2"", ""algorithm_code"": ""meanhsv_s"", ""enabled"": true, ""params"": {}, ""result"": ""OK"", ""detail"": ""diff=31.3594 match=584.9ms infer=125.3ms""}, {""item_id"": ""roi3"", ""display_name"": ""密封圈2"", ""camera_id"": ""cam1"", ""roi_label"": ""roi3"", ""algorithm_code"": ""meanintensity"", ""enabled"": true, ""params"": {}, ""result"": ""NG"", ""detail"": ""diff=-50.5929 match=584.9ms infer=123.2ms""}]",二次锁:OK; 密封圈1:OK; 密封圈2:NG,584.9432999966666,runtime_20260324_141748_355135
2026-03-24 15:03:08,20261026_250A,line2dup_recipe.json,,NG,NG,,1529,False,,,False,False,,108.90839999774471,20260324_150307_189902_cam1.png pred=NG NG: 密封圈2 diff=-33.3615 match=589.3ms infer=432.9ms,C:\Users\goney\Desktop\MatchTemplate2\EmbeddingTest\.qr_session\20261026_250A\runtime_capture\20260324_150307_189902_cam1.png,432.8661000035936,589.2878999875393,NG,1,cam1:NG,108.90839999774471,2026-03-24T15:03:08,432.8661000035936,shared_backbone_register,cam1,diff=0.3307 match=589.3ms infer=163.8ms,True,roi1,二次锁,{},OK,roi1,meanhsv_s,cam1,diff=36.0907 match=589.3ms infer=136.9ms,True,roi2,密封圈1,{},OK,roi2,meanintensity,cam1,diff=-33.3615 match=589.3ms infer=132.1ms,True,roi3,密封圈2,{},NG,roi3,3,"[{""item_id"": ""roi1"", ""display_name"": ""二次锁"", ""camera_id"": ""cam1"", ""roi_label"": ""roi1"", ""algorithm_code"": ""shared_backbone_register"", ""enabled"": true, ""params"": {}, ""result"": ""OK"", ""detail"": ""diff=0.3307 match=589.3ms infer=163.8ms""}, {""item_id"": ""roi2"", ""display_name"": ""密封圈1"", ""camera_id"": ""cam1"", ""roi_label"": ""roi2"", ""algorithm_code"": ""meanhsv_s"", ""enabled"": true, ""params"": {}, ""result"": ""OK"", ""detail"": ""diff=36.0907 match=589.3ms infer=136.9ms""}, {""item_id"": ""roi3"", ""display_name"": ""密封圈2"", ""camera_id"": ""cam1"", ""roi_label"": ""roi3"", ""algorithm_code"": ""meanintensity"", ""enabled"": true, ""params"": {}, ""result"": ""NG"", ""detail"": ""diff=-33.3615 match=589.3ms infer=132.1ms""}]",二次锁:OK; 密封圈1:OK; 密封圈2:NG,589.2878999875393,runtime_20260324_150308_736279
2026-03-24 15:03:19,20261026_250A,line2dup_recipe.json,,NG,NG,,1632,False,,,False,False,,21.860200009541586,20260324_150317_818464_cam1.png pred=NG NG: 密封圈2 diff=-35.5366 match=773.2ms infer=433.4ms,C:\Users\goney\Desktop\MatchTemplate2\EmbeddingTest\.qr_session\20261026_250A\runtime_capture\20260324_150317_818464_cam1.png,433.40100000204984,773.1731999956537,NG,1,cam1:NG,21.860200009541586,2026-03-24T15:03:19,433.40100000204984,shared_backbone_register,cam1,diff=0.3299 match=773.2ms infer=177.2ms,True,roi1,二次锁,{},OK,roi1,meanhsv_s,cam1,diff=11.0966 match=773.2ms infer=131.8ms,True,roi2,密封圈1,{},OK,roi2,meanintensity,cam1,diff=-35.5366 match=773.2ms infer=124.4ms,True,roi3,密封圈2,{},NG,roi3,3,"[{""item_id"": ""roi1"", ""display_name"": ""二次锁"", ""camera_id"": ""cam1"", ""roi_label"": ""roi1"", ""algorithm_code"": ""shared_backbone_register"", ""enabled"": true, ""params"": {}, ""result"": ""OK"", ""detail"": ""diff=0.3299 match=773.2ms infer=177.2ms""}, {""item_id"": ""roi2"", ""display_name"": ""密封圈1"", ""camera_id"": ""cam1"", ""roi_label"": ""roi2"", ""algorithm_code"": ""meanhsv_s"", ""enabled"": true, ""params"": {}, ""result"": ""OK"", ""detail"": ""diff=11.0966 match=773.2ms infer=131.8ms""}, {""item_id"": ""roi3"", ""display_name"": ""密封圈2"", ""camera_id"": ""cam1"", ""roi_label"": ""roi3"", ""algorithm_code"": ""meanintensity"", ""enabled"": true, ""params"": {}, ""result"": ""NG"", ""detail"": ""diff=-35.5366 match=773.2ms infer=124.4ms""}]",二次锁:OK; 密封圈1:OK; 密封圈2:NG,773.1731999956537,runtime_20260324_150319_575955
2026-03-24 15:03:24,20261026_250A,line2dup_recipe.json,,NG,NG,,1513,False,,,False,False,,22.11439999518916,20260324_150322_677416_cam1.png pred=NG NG: 密封圈2 diff=-35.4581 match=608.9ms infer=433.2ms,C:\Users\goney\Desktop\MatchTemplate2\EmbeddingTest\.qr_session\20261026_250A\runtime_capture\20260324_150322_677416_cam1.png,433.22859999898355,608.8871999963885,NG,1,cam1:NG,22.11439999518916,2026-03-24T15:03:24,433.22859999898355,shared_backbone_register,cam1,diff=0.3354 match=608.9ms infer=181.8ms,True,roi1,二次锁,{},OK,roi1,meanhsv_s,cam1,diff=65.7796 match=608.9ms infer=134.4ms,True,roi2,密封圈1,{},OK,roi2,meanintensity,cam1,diff=-35.4581 match=608.9ms infer=117.1ms,True,roi3,密封圈2,{},NG,roi3,3,"[{""item_id"": ""roi1"", ""display_name"": ""二次锁"", ""camera_id"": ""cam1"", ""roi_label"": ""roi1"", ""algorithm_code"": ""shared_backbone_register"", ""enabled"": true, ""params"": {}, ""result"": ""OK"", ""detail"": ""diff=0.3354 match=608.9ms infer=181.8ms""}, {""item_id"": ""roi2"", ""display_name"": ""密封圈1"", ""camera_id"": ""cam1"", ""roi_label"": ""roi2"", ""algorithm_code"": ""meanhsv_s"", ""enabled"": true, ""params"": {}, ""result"": ""OK"", ""detail"": ""diff=65.7796 match=608.9ms infer=134.4ms""}, {""item_id"": ""roi3"", ""display_name"": ""密封圈2"", ""camera_id"": ""cam1"", ""roi_label"": ""roi3"", ""algorithm_code"": ""meanintensity"", ""enabled"": true, ""params"": {}, ""result"": ""NG"", ""detail"": ""diff=-35.4581 match=608.9ms infer=117.1ms""}]",二次锁:OK; 密封圈1:OK; 密封圈2:NG,608.8871999963885,runtime_20260324_150324_295845
2026-03-24 15:03:28,20261026_250A,line2dup_recipe.json,,NG,NG,,1530,False,,,False,False,,21.484099997906014,20260324_150326_712171_cam1.png pred=NG NG: 密封圈2 diff=-34.7748 match=675.2ms infer=421.5ms,C:\Users\goney\Desktop\MatchTemplate2\EmbeddingTest\.qr_session\20261026_250A\runtime_capture\20260324_150326_712171_cam1.png,421.47030000342056,675.1943999988725,NG,1,cam1:NG,21.484099997906014,2026-03-24T15:03:28,421.47030000342056,shared_backbone_register,cam1,diff=0.3505 match=675.2ms infer=163.6ms,True,roi1,二次锁,{},OK,roi1,meanhsv_s,cam1,diff=64.8420 match=675.2ms infer=130.4ms,True,roi2,密封圈1,{},OK,roi2,meanintensity,cam1,diff=-34.7748 match=675.2ms infer=127.5ms,True,roi3,密封圈2,{},NG,roi3,3,"[{""item_id"": ""roi1"", ""display_name"": ""二次锁"", ""camera_id"": ""cam1"", ""roi_label"": ""roi1"", ""algorithm_code"": ""shared_backbone_register"", ""enabled"": true, ""params"": {}, ""result"": ""OK"", ""detail"": ""diff=0.3505 match=675.2ms infer=163.6ms""}, {""item_id"": ""roi2"", ""display_name"": ""密封圈1"", ""camera_id"": ""cam1"", ""roi_label"": ""roi2"", ""algorithm_code"": ""meanhsv_s"", ""enabled"": true, ""params"": {}, ""result"": ""OK"", ""detail"": ""diff=64.8420 match=675.2ms infer=130.4ms""}, {""item_id"": ""roi3"", ""display_name"": ""密封圈2"", ""camera_id"": ""cam1"", ""roi_label"": ""roi3"", ""algorithm_code"": ""meanintensity"", ""enabled"": true, ""params"": {}, ""result"": ""NG"", ""detail"": ""diff=-34.7748 match=675.2ms infer=127.5ms""}]",二次锁:OK; 密封圈1:OK; 密封圈2:NG,675.1943999988725,runtime_20260324_150328_348768
2026-03-24 15:03:33,20261026_250A,line2dup_recipe.json,,NG,NG,,1642,False,,,False,False,,21.584900008747354,20260324_150331_309739_cam1.png pred=NG NG: 密封圈2 diff=-36.3343 match=745.9ms infer=448.9ms,C:\Users\goney\Desktop\MatchTemplate2\EmbeddingTest\.qr_session\20261026_250A\runtime_capture\20260324_150331_309739_cam1.png,448.947800003225,745.8915999886813,NG,1,cam1:NG,21.584900008747354,2026-03-24T15:03:33,448.947800003225,shared_backbone_register,cam1,diff=0.3031 match=745.9ms infer=192.8ms,True,roi1,二次锁,{},OK,roi1,meanhsv_s,cam1,diff=60.5451 match=745.9ms infer=132.9ms,True,roi2,密封圈1,{},OK,roi2,meanintensity,cam1,diff=-36.3343 match=745.9ms infer=123.3ms,True,roi3,密封圈2,{},NG,roi3,3,"[{""item_id"": ""roi1"", ""display_name"": ""二次锁"", ""camera_id"": ""cam1"", ""roi_label"": ""roi1"", ""algorithm_code"": ""shared_backbone_register"", ""enabled"": true, ""params"": {}, ""result"": ""OK"", ""detail"": ""diff=0.3031 match=745.9ms infer=192.8ms""}, {""item_id"": ""roi2"", ""display_name"": ""密封圈1"", ""camera_id"": ""cam1"", ""roi_label"": ""roi2"", ""algorithm_code"": ""meanhsv_s"", ""enabled"": true, ""params"": {}, ""result"": ""OK"", ""detail"": ""diff=60.5451 match=745.9ms infer=132.9ms""}, {""item_id"": ""roi3"", ""display_name"": ""密封圈2"", ""camera_id"": ""cam1"", ""roi_label"": ""roi3"", ""algorithm_code"": ""meanintensity"", ""enabled"": true, ""params"": {}, ""result"": ""NG"", ""detail"": ""diff=-36.3343 match=745.9ms infer=123.3ms""}]",二次锁:OK; 密封圈1:OK; 密封圈2:NG,745.8915999886813,runtime_20260324_150333_064771
2026-03-24 15:03:38,20261026_250A,line2dup_recipe.json,,NG,NG,,1615,False,,,False,False,,21.938599995337427,20260324_150336_324487_cam1.png pred=NG NG: 密封圈2 diff=-37.2146 match=707.9ms infer=448.7ms,C:\Users\goney\Desktop\MatchTemplate2\EmbeddingTest\.qr_session\20261026_250A\runtime_capture\20260324_150336_324487_cam1.png,448.6577999923611,707.8837999870302,NG,1,cam1:NG,21.938599995337427,2026-03-24T15:03:38,448.6577999923611,shared_backbone_register,cam1,diff=0.3256 match=707.9ms infer=182.5ms,True,roi1,二次锁,{},OK,roi1,meanhsv_s,cam1,diff=66.2400 match=707.9ms infer=132.6ms,True,roi2,密封圈1,{},OK,roi2,meanintensity,cam1,diff=-37.2146 match=707.9ms infer=133.5ms,True,roi3,密封圈2,{},NG,roi3,3,"[{""item_id"": ""roi1"", ""display_name"": ""二次锁"", ""camera_id"": ""cam1"", ""roi_label"": ""roi1"", ""algorithm_code"": ""shared_backbone_register"", ""enabled"": true, ""params"": {}, ""result"": ""OK"", ""detail"": ""diff=0.3256 match=707.9ms infer=182.5ms""}, {""item_id"": ""roi2"", ""display_name"": ""密封圈1"", ""camera_id"": ""cam1"", ""roi_label"": ""roi2"", ""algorithm_code"": ""meanhsv_s"", ""enabled"": true, ""params"": {}, ""result"": ""OK"", ""detail"": ""diff=66.2400 match=707.9ms infer=132.6ms""}, {""item_id"": ""roi3"", ""display_name"": ""密封圈2"", ""camera_id"": ""cam1"", ""roi_label"": ""roi3"", ""algorithm_code"": ""meanintensity"", ""enabled"": true, ""params"": {}, ""result"": ""NG"", ""detail"": ""diff=-37.2146 match=707.9ms infer=133.5ms""}]",二次锁:OK; 密封圈1:OK; 密封圈2:NG,707.8837999870302,runtime_20260324_150338_058613
2026-03-24 15:03:42,20261026_250A,line2dup_recipe.json,,NG,NG,,1616,False,,,False,False,,21.373300012783147,20260324_150340_472292_cam1.png pred=NG NG: 密封圈2 diff=-37.4130 match=761.2ms infer=425.2ms,C:\Users\goney\Desktop\MatchTemplate2\EmbeddingTest\.qr_session\20261026_250A\runtime_capture\20260324_150340_472292_cam1.png,425.1607999904081,761.1781000014162,NG,1,cam1:NG,21.373300012783147,2026-03-24T15:03:42,425.1607999904081,shared_backbone_register,cam1,diff=0.3804 match=761.2ms infer=178.0ms,True,roi1,二次锁,{},OK,roi1,meanhsv_s,cam1,diff=13.6040 match=761.2ms infer=128.6ms,True,roi2,密封圈1,{},OK,roi2,meanintensity,cam1,diff=-37.4130 match=761.2ms infer=118.5ms,True,roi3,密封圈2,{},NG,roi3,3,"[{""item_id"": ""roi1"", ""display_name"": ""二次锁"", ""camera_id"": ""cam1"", ""roi_label"": ""roi1"", ""algorithm_code"": ""shared_backbone_register"", ""enabled"": true, ""params"": {}, ""result"": ""OK"", ""detail"": ""diff=0.3804 match=761.2ms infer=178.0ms""}, {""item_id"": ""roi2"", ""display_name"": ""密封圈1"", ""camera_id"": ""cam1"", ""roi_label"": ""roi2"", ""algorithm_code"": ""meanhsv_s"", ""enabled"": true, ""params"": {}, ""result"": ""OK"", ""detail"": ""diff=13.6040 match=761.2ms infer=128.6ms""}, {""item_id"": ""roi3"", ""display_name"": ""密封圈2"", ""camera_id"": ""cam1"", ""roi_label"": ""roi3"", ""algorithm_code"": ""meanintensity"", ""enabled"": true, ""params"": {}, ""result"": ""NG"", ""detail"": ""diff=-37.4130 match=761.2ms infer=118.5ms""}]",二次锁:OK; 密封圈1:OK; 密封圈2:NG,761.1781000014162,runtime_20260324_150342_203143
2026-03-24 15:03:46,20261026_250A,line2dup_recipe.json,,NG,NG,,1558,False,,,False,False,,21.621000007144175,20260324_150344_935158_cam1.png pred=NG NG: 密封圈2 diff=-39.8208 match=656.9ms infer=482.0ms,C:\Users\goney\Desktop\MatchTemplate2\EmbeddingTest\.qr_session\20261026_250A\runtime_capture\20260324_150344_935158_cam1.png,482.0083000086015,656.9369000062579,NG,1,cam1:NG,21.621000007144175,2026-03-24T15:03:46,482.0083000086015,shared_backbone_register,cam1,diff=0.3201 match=656.9ms infer=184.1ms,True,roi1,二次锁,{},OK,roi1,meanhsv_s,cam1,diff=63.7299 match=656.9ms infer=156.8ms,True,roi2,密封圈1,{},OK,roi2,meanintensity,cam1,diff=-39.8208 match=656.9ms infer=141.1ms,True,roi3,密封圈2,{},NG,roi3,3,"[{""item_id"": ""roi1"", ""display_name"": ""二次锁"", ""camera_id"": ""cam1"", ""roi_label"": ""roi1"", ""algorithm_code"": ""shared_backbone_register"", ""enabled"": true, ""params"": {}, ""result"": ""OK"", ""detail"": ""diff=0.3201 match=656.9ms infer=184.1ms""}, {""item_id"": ""roi2"", ""display_name"": ""密封圈1"", ""camera_id"": ""cam1"", ""roi_label"": ""roi2"", ""algorithm_code"": ""meanhsv_s"", ""enabled"": true, ""params"": {}, ""result"": ""OK"", ""detail"": ""diff=63.7299 match=656.9ms infer=156.8ms""}, {""item_id"": ""roi3"", ""display_name"": ""密封圈2"", ""camera_id"": ""cam1"", ""roi_label"": ""roi3"", ""algorithm_code"": ""meanintensity"", ""enabled"": true, ""params"": {}, ""result"": ""NG"", ""detail"": ""diff=-39.8208 match=656.9ms infer=141.1ms""}]",二次锁:OK; 密封圈1:OK; 密封圈2:NG,656.9369000062579,runtime_20260324_150346_609230
2026-03-24 15:04:15,20261026_250A,line2dup_recipe.json,,NG,NG,,1583,False,,,False,False,,21.756200003437698,20260324_150414_111691_cam1.png pred=NG NG: 密封圈1 diff=-75.5686 match=711.9ms infer=438.6ms,C:\Users\goney\Desktop\MatchTemplate2\EmbeddingTest\.qr_session\20261026_250A\runtime_capture\20260324_150414_111691_cam1.png,438.593699989724,711.9168999925023,NG,1,cam1:NG,21.756200003437698,2026-03-24T15:04:15,438.593699989724,shared_backbone_register,cam1,diff=0.3209 match=711.9ms infer=174.4ms,True,roi1,二次锁,{},OK,roi1,meanhsv_s,cam1,diff=-75.5686 match=711.9ms infer=135.5ms,True,roi2,密封圈1,{},NG,roi2,meanintensity,cam1,diff=14.1892 match=711.9ms infer=128.6ms,True,roi3,密封圈2,{},OK,roi3,3,"[{""item_id"": ""roi1"", ""display_name"": ""二次锁"", ""camera_id"": ""cam1"", ""roi_label"": ""roi1"", ""algorithm_code"": ""shared_backbone_register"", ""enabled"": true, ""params"": {}, ""result"": ""OK"", ""detail"": ""diff=0.3209 match=711.9ms infer=174.4ms""}, {""item_id"": ""roi2"", ""display_name"": ""密封圈1"", ""camera_id"": ""cam1"", ""roi_label"": ""roi2"", ""algorithm_code"": ""meanhsv_s"", ""enabled"": true, ""params"": {}, ""result"": ""NG"", ""detail"": ""diff=-75.5686 match=711.9ms infer=135.5ms""}, {""item_id"": ""roi3"", ""display_name"": ""密封圈2"", ""camera_id"": ""cam1"", ""roi_label"": ""roi3"", ""algorithm_code"": ""meanintensity"", ""enabled"": true, ""params"": {}, ""result"": ""OK"", ""detail"": ""diff=14.1892 match=711.9ms infer=128.6ms""}]",二次锁:OK; 密封圈1:NG; 密封圈2:OK,711.9168999925023,runtime_20260324_150415_801785
2026-03-24 15:04:22,20261026_250A,line2dup_recipe.json,,NG,NG,,1497,False,,,False,False,,21.39020001050085,20260324_150420_497604_cam1.png pred=NG NG: 密封圈1 diff=-67.1587 match=631.1ms infer=427.2ms,C:\Users\goney\Desktop\MatchTemplate2\EmbeddingTest\.qr_session\20261026_250A\runtime_capture\20260324_150420_497604_cam1.png,427.21539999183733,631.1285999981919,NG,1,cam1:NG,21.39020001050085,2026-03-24T15:04:22,427.21539999183733,shared_backbone_register,cam1,diff=0.3612 match=631.1ms infer=176.4ms,True,roi1,二次锁,{},OK,roi1,meanhsv_s,cam1,diff=-67.1587 match=631.1ms infer=124.8ms,True,roi2,密封圈1,{},NG,roi2,meanintensity,cam1,diff=17.6419 match=631.1ms infer=126.1ms,True,roi3,密封圈2,{},OK,roi3,3,"[{""item_id"": ""roi1"", ""display_name"": ""二次锁"", ""camera_id"": ""cam1"", ""roi_label"": ""roi1"", ""algorithm_code"": ""shared_backbone_register"", ""enabled"": true, ""params"": {}, ""result"": ""OK"", ""detail"": ""diff=0.3612 match=631.1ms infer=176.4ms""}, {""item_id"": ""roi2"", ""display_name"": ""密封圈1"", ""camera_id"": ""cam1"", ""roi_label"": ""roi2"", ""algorithm_code"": ""meanhsv_s"", ""enabled"": true, ""params"": {}, ""result"": ""NG"", ""detail"": ""diff=-67.1587 match=631.1ms infer=124.8ms""}, {""item_id"": ""roi3"", ""display_name"": ""密封圈2"", ""camera_id"": ""cam1"", ""roi_label"": ""roi3"", ""algorithm_code"": ""meanintensity"", ""enabled"": true, ""params"": {}, ""result"": ""OK"", ""detail"": ""diff=17.6419 match=631.1ms infer=126.1ms""}]",二次锁:OK; 密封圈1:NG; 密封圈2:OK,631.1285999981919,runtime_20260324_150422_101169
2026-03-24 15:04:26,20261026_250A,line2dup_recipe.json,,NG,NG,,1559,False,,,False,False,,21.389300003647804,20260324_150425_214741_cam1.png pred=NG NG: 密封圈1 diff=-77.3261 match=689.6ms infer=445.4ms,C:\Users\goney\Desktop\MatchTemplate2\EmbeddingTest\.qr_session\20261026_250A\runtime_capture\20260324_150425_214741_cam1.png,445.3567999880761,689.6484000026248,NG,1,cam1:NG,21.389300003647804,2026-03-24T15:04:26,445.3567999880761,shared_backbone_register,cam1,diff=0.3512 match=689.6ms infer=171.2ms,True,roi1,二次锁,{},OK,roi1,meanhsv_s,cam1,diff=-77.3261 match=689.6ms infer=148.5ms,True,roi2,密封圈1,{},NG,roi2,meanintensity,cam1,diff=14.6347 match=689.6ms infer=125.7ms,True,roi3,密封圈2,{},OK,roi3,3,"[{""item_id"": ""roi1"", ""display_name"": ""二次锁"", ""camera_id"": ""cam1"", ""roi_label"": ""roi1"", ""algorithm_code"": ""shared_backbone_register"", ""enabled"": true, ""params"": {}, ""result"": ""OK"", ""detail"": ""diff=0.3512 match=689.6ms infer=171.2ms""}, {""item_id"": ""roi2"", ""display_name"": ""密封圈1"", ""camera_id"": ""cam1"", ""roi_label"": ""roi2"", ""algorithm_code"": ""meanhsv_s"", ""enabled"": true, ""params"": {}, ""result"": ""NG"", ""detail"": ""diff=-77.3261 match=689.6ms infer=148.5ms""}, {""item_id"": ""roi3"", ""display_name"": ""密封圈2"", ""camera_id"": ""cam1"", ""roi_label"": ""roi3"", ""algorithm_code"": ""meanintensity"", ""enabled"": true, ""params"": {}, ""result"": ""OK"", ""detail"": ""diff=14.6347 match=689.6ms infer=125.7ms""}]",二次锁:OK; 密封圈1:NG; 密封圈2:OK,689.6484000026248,runtime_20260324_150426_879080
2026-03-24 15:04:32,20261026_250A,line2dup_recipe.json,,NG,NG,,1539,False,,,False,False,,21.8211000028532,20260324_150430_741657_cam1.png pred=NG NG: 密封圈1 diff=-72.2567 match=672.7ms infer=414.6ms,C:\Users\goney\Desktop\MatchTemplate2\EmbeddingTest\.qr_session\20261026_250A\runtime_capture\20260324_150430_741657_cam1.png,414.6385000058217,672.7092999935849,NG,1,cam1:NG,21.8211000028532,2026-03-24T15:04:32,414.6385000058217,shared_backbone_register,cam1,diff=0.3400 match=672.7ms infer=160.8ms,True,roi1,二次锁,{},OK,roi1,meanhsv_s,cam1,diff=-72.2567 match=672.7ms infer=137.9ms,True,roi2,密封圈1,{},NG,roi2,meanintensity,cam1,diff=13.8441 match=672.7ms infer=115.9ms,True,roi3,密封圈2,{},OK,roi3,3,"[{""item_id"": ""roi1"", ""display_name"": ""二次锁"", ""camera_id"": ""cam1"", ""roi_label"": ""roi1"", ""algorithm_code"": ""shared_backbone_register"", ""enabled"": true, ""params"": {}, ""result"": ""OK"", ""detail"": ""diff=0.3400 match=672.7ms infer=160.8ms""}, {""item_id"": ""roi2"", ""display_name"": ""密封圈1"", ""camera_id"": ""cam1"", ""roi_label"": ""roi2"", ""algorithm_code"": ""meanhsv_s"", ""enabled"": true, ""params"": {}, ""result"": ""NG"", ""detail"": ""diff=-72.2567 match=672.7ms infer=137.9ms""}, {""item_id"": ""roi3"", ""display_name"": ""密封圈2"", ""camera_id"": ""cam1"", ""roi_label"": ""roi3"", ""algorithm_code"": ""meanintensity"", ""enabled"": true, ""params"": {}, ""result"": ""OK"", ""detail"": ""diff=13.8441 match=672.7ms infer=115.9ms""}]",二次锁:OK; 密封圈1:NG; 密封圈2:OK,672.7092999935849,runtime_20260324_150432_400503
2026-03-24 15:04:36,20261026_250A,line2dup_recipe.json,,NG,NG,,1643,False,,,False,False,,22.141800000099465,20260324_150434_735527_cam1.png pred=NG NG: 密封圈1 diff=-98.2125 match=773.6ms infer=434.4ms,C:\Users\goney\Desktop\MatchTemplate2\EmbeddingTest\.qr_session\20261026_250A\runtime_capture\20260324_150434_735527_cam1.png,434.35980001231655,773.6058000009507,NG,1,cam1:NG,22.141800000099465,2026-03-24T15:04:36,434.35980001231655,shared_backbone_register,cam1,diff=0.3488 match=773.6ms infer=174.9ms,True,roi1,二次锁,{},OK,roi1,meanhsv_s,cam1,diff=-98.2125 match=773.6ms infer=132.7ms,True,roi2,密封圈1,{},NG,roi2,meanintensity,cam1,diff=25.6158 match=773.6ms infer=126.8ms,True,roi3,密封圈2,{},OK,roi3,3,"[{""item_id"": ""roi1"", ""display_name"": ""二次锁"", ""camera_id"": ""cam1"", ""roi_label"": ""roi1"", ""algorithm_code"": ""shared_backbone_register"", ""enabled"": true, ""params"": {}, ""result"": ""OK"", ""detail"": ""diff=0.3488 match=773.6ms infer=174.9ms""}, {""item_id"": ""roi2"", ""display_name"": ""密封圈1"", ""camera_id"": ""cam1"", ""roi_label"": ""roi2"", ""algorithm_code"": ""meanhsv_s"", ""enabled"": true, ""params"": {}, ""result"": ""NG"", ""detail"": ""diff=-98.2125 match=773.6ms infer=132.7ms""}, {""item_id"": ""roi3"", ""display_name"": ""密封圈2"", ""camera_id"": ""cam1"", ""roi_label"": ""roi3"", ""algorithm_code"": ""meanintensity"", ""enabled"": true, ""params"": {}, ""result"": ""OK"", ""detail"": ""diff=25.6158 match=773.6ms infer=126.8ms""}]",二次锁:OK; 密封圈1:NG; 密封圈2:OK,773.6058000009507,runtime_20260324_150436_490503
2026-03-24 15:04:41,20261026_250A,line2dup_recipe.json,,NG,NG,,1423,False,,,False,False,,21.693500006222166,20260324_150439_745314_cam1.png pred=NG NG: 密封圈1 diff=-70.3408 match=539.9ms infer=434.1ms,C:\Users\goney\Desktop\MatchTemplate2\EmbeddingTest\.qr_session\20261026_250A\runtime_capture\20260324_150439_745314_cam1.png,434.0784999949392,539.8584000067785,NG,1,cam1:NG,21.693500006222166,2026-03-24T15:04:41,434.0784999949392,shared_backbone_register,cam1,diff=0.3874 match=539.9ms infer=176.1ms,True,roi1,二次锁,{},OK,roi1,meanhsv_s,cam1,diff=-70.3408 match=539.9ms infer=131.8ms,True,roi2,密封圈1,{},NG,roi2,meanintensity,cam1,diff=21.4744 match=539.9ms infer=126.1ms,True,roi3,密封圈2,{},OK,roi3,3,"[{""item_id"": ""roi1"", ""display_name"": ""二次锁"", ""camera_id"": ""cam1"", ""roi_label"": ""roi1"", ""algorithm_code"": ""shared_backbone_register"", ""enabled"": true, ""params"": {}, ""result"": ""OK"", ""detail"": ""diff=0.3874 match=539.9ms infer=176.1ms""}, {""item_id"": ""roi2"", ""display_name"": ""密封圈1"", ""camera_id"": ""cam1"", ""roi_label"": ""roi2"", ""algorithm_code"": ""meanhsv_s"", ""enabled"": true, ""params"": {}, ""result"": ""NG"", ""detail"": ""diff=-70.3408 match=539.9ms infer=131.8ms""}, {""item_id"": ""roi3"", ""display_name"": ""密封圈2"", ""camera_id"": ""cam1"", ""roi_label"": ""roi3"", ""algorithm_code"": ""meanintensity"", ""enabled"": true, ""params"": {}, ""result"": ""OK"", ""detail"": ""diff=21.4744 match=539.9ms infer=126.1ms""}]",二次锁:OK; 密封圈1:NG; 密封圈2:OK,539.8584000067785,runtime_20260324_150441_278128
2026-03-24 15:04:45,20261026_250A,line2dup_recipe.json,,NG,NG,,1413,False,,,False,False,,21.686400010366924,20260324_150443_685566_cam1.png pred=NG NG: 密封圈1 diff=-72.2720 match=547.8ms infer=422.3ms,C:\Users\goney\Desktop\MatchTemplate2\EmbeddingTest\.qr_session\20261026_250A\runtime_capture\20260324_150443_685566_cam1.png,422.3455000173999,547.818000006373,NG,1,cam1:NG,21.686400010366924,2026-03-24T15:04:45,422.3455000173999,shared_backbone_register,cam1,diff=0.3577 match=547.8ms infer=163.8ms,True,roi1,二次锁,{},OK,roi1,meanhsv_s,cam1,diff=-72.2720 match=547.8ms infer=131.7ms,True,roi2,密封圈1,{},NG,roi2,meanintensity,cam1,diff=21.9640 match=547.8ms infer=126.9ms,True,roi3,密封圈2,{},OK,roi3,3,"[{""item_id"": ""roi1"", ""display_name"": ""二次锁"", ""camera_id"": ""cam1"", ""roi_label"": ""roi1"", ""algorithm_code"": ""shared_backbone_register"", ""enabled"": true, ""params"": {}, ""result"": ""OK"", ""detail"": ""diff=0.3577 match=547.8ms infer=163.8ms""}, {""item_id"": ""roi2"", ""display_name"": ""密封圈1"", ""camera_id"": ""cam1"", ""roi_label"": ""roi2"", ""algorithm_code"": ""meanhsv_s"", ""enabled"": true, ""params"": {}, ""result"": ""NG"", ""detail"": ""diff=-72.2720 match=547.8ms infer=131.7ms""}, {""item_id"": ""roi3"", ""display_name"": ""密封圈2"", ""camera_id"": ""cam1"", ""roi_label"": ""roi3"", ""algorithm_code"": ""meanintensity"", ""enabled"": true, ""params"": {}, ""result"": ""OK"", ""detail"": ""diff=21.9640 match=547.8ms infer=126.9ms""}]",二次锁:OK; 密封圈1:NG; 密封圈2:OK,547.818000006373,runtime_20260324_150445_212902
2026-03-24 15:04:48,20261026_250A,line2dup_recipe.json,,NG,NG,,1584,False,,,False,False,,21.698399999877438,20260324_150447_237476_cam1.png pred=NG NG: 密封圈1 diff=-72.0152 match=673.1ms infer=428.6ms,C:\Users\goney\Desktop\MatchTemplate2\EmbeddingTest\.qr_session\20261026_250A\runtime_capture\20260324_150447_237476_cam1.png,428.6337000085041,673.0873000051361,NG,1,cam1:NG,21.698399999877438,2026-03-24T15:04:48,428.6337000085041,shared_backbone_register,cam1,diff=0.3540 match=673.1ms infer=171.2ms,True,roi1,二次锁,{},OK,roi1,meanhsv_s,cam1,diff=-72.0152 match=673.1ms infer=134.4ms,True,roi2,密封圈1,{},NG,roi2,meanintensity,cam1,diff=20.9973 match=673.1ms infer=123.1ms,True,roi3,密封圈2,{},OK,roi3,3,"[{""item_id"": ""roi1"", ""display_name"": ""二次锁"", ""camera_id"": ""cam1"", ""roi_label"": ""roi1"", ""algorithm_code"": ""shared_backbone_register"", ""enabled"": true, ""params"": {}, ""result"": ""OK"", ""detail"": ""diff=0.3540 match=673.1ms infer=171.2ms""}, {""item_id"": ""roi2"", ""display_name"": ""密封圈1"", ""camera_id"": ""cam1"", ""roi_label"": ""roi2"", ""algorithm_code"": ""meanhsv_s"", ""enabled"": true, ""params"": {}, ""result"": ""NG"", ""detail"": ""diff=-72.0152 match=673.1ms infer=134.4ms""}, {""item_id"": ""roi3"", ""display_name"": ""密封圈2"", ""camera_id"": ""cam1"", ""roi_label"": ""roi3"", ""algorithm_code"": ""meanintensity"", ""enabled"": true, ""params"": {}, ""result"": ""OK"", ""detail"": ""diff=20.9973 match=673.1ms infer=123.1ms""}]",二次锁:OK; 密封圈1:NG; 密封圈2:OK,673.0873000051361,runtime_20260324_150448_941535
2026-03-24 15:04:52,20261026_250A,line2dup_recipe.json,,NG,NG,,1561,False,,,False,False,,21.696499999961816,20260324_150450_476030_cam1.png pred=NG NG: 密封圈1 diff=-74.0913 match=600.5ms infer=516.9ms,C:\Users\goney\Desktop\MatchTemplate2\EmbeddingTest\.qr_session\20261026_250A\runtime_capture\20260324_150450_476030_cam1.png,516.9239999813726,600.5218999926001,NG,1,cam1:NG,21.696499999961816,2026-03-24T15:04:52,516.9239999813726,shared_backbone_register,cam1,diff=0.3758 match=600.5ms infer=223.5ms,True,roi1,二次锁,{},OK,roi1,meanhsv_s,cam1,diff=-74.0913 match=600.5ms infer=163.7ms,True,roi2,密封圈1,{},NG,roi2,meanintensity,cam1,diff=21.9657 match=600.5ms infer=129.7ms,True,roi3,密封圈2,{},OK,roi3,3,"[{""item_id"": ""roi1"", ""display_name"": ""二次锁"", ""camera_id"": ""cam1"", ""roi_label"": ""roi1"", ""algorithm_code"": ""shared_backbone_register"", ""enabled"": true, ""params"": {}, ""result"": ""OK"", ""detail"": ""diff=0.3758 match=600.5ms infer=223.5ms""}, {""item_id"": ""roi2"", ""display_name"": ""密封圈1"", ""camera_id"": ""cam1"", ""roi_label"": ""roi2"", ""algorithm_code"": ""meanhsv_s"", ""enabled"": true, ""params"": {}, ""result"": ""NG"", ""detail"": ""diff=-74.0913 match=600.5ms infer=163.7ms""}, {""item_id"": ""roi3"", ""display_name"": ""密封圈2"", ""camera_id"": ""cam1"", ""roi_label"": ""roi3"", ""algorithm_code"": ""meanintensity"", ""enabled"": true, ""params"": {}, ""result"": ""OK"", ""detail"": ""diff=21.9657 match=600.5ms infer=129.7ms""}]",二次锁:OK; 密封圈1:NG; 密封圈2:OK,600.5218999926001,runtime_20260324_150452_161753
2026-03-24 15:04:55,20261026_250A,line2dup_recipe.json,,NG,NG,,1680,False,,,False,False,,21.99579999432899,20260324_150453_320027_cam1.png pred=NG NG: 密封圈1 diff=-74.1216 match=726.2ms infer=492.6ms,C:\Users\goney\Desktop\MatchTemplate2\EmbeddingTest\.qr_session\20261026_250A\runtime_capture\20260324_150453_320027_cam1.png,492.5689999945462,726.2126999994507,NG,1,cam1:NG,21.99579999432899,2026-03-24T15:04:55,492.5689999945462,shared_backbone_register,cam1,diff=0.3765 match=726.2ms infer=219.5ms,True,roi1,二次锁,{},OK,roi1,meanhsv_s,cam1,diff=-74.1216 match=726.2ms infer=140.9ms,True,roi2,密封圈1,{},NG,roi2,meanintensity,cam1,diff=21.9393 match=726.2ms infer=132.2ms,True,roi3,密封圈2,{},OK,roi3,3,"[{""item_id"": ""roi1"", ""display_name"": ""二次锁"", ""camera_id"": ""cam1"", ""roi_label"": ""roi1"", ""algorithm_code"": ""shared_backbone_register"", ""enabled"": true, ""params"": {}, ""result"": ""OK"", ""detail"": ""diff=0.3765 match=726.2ms infer=219.5ms""}, {""item_id"": ""roi2"", ""display_name"": ""密封圈1"", ""camera_id"": ""cam1"", ""roi_label"": ""roi2"", ""algorithm_code"": ""meanhsv_s"", ""enabled"": true, ""params"": {}, ""result"": ""NG"", ""detail"": ""diff=-74.1216 match=726.2ms infer=140.9ms""}, {""item_id"": ""roi3"", ""display_name"": ""密封圈2"", ""camera_id"": ""cam1"", ""roi_label"": ""roi3"", ""algorithm_code"": ""meanintensity"", ""enabled"": true, ""params"": {}, ""result"": ""OK"", ""detail"": ""diff=21.9393 match=726.2ms infer=132.2ms""}]",二次锁:OK; 密封圈1:NG; 密封圈2:OK,726.2126999994507,runtime_20260324_150455_125479
2026-03-24 15:05:34,20261026_250A,line2dup_recipe.json,,NG,NG,,1454,False,,,False,False,,21.420799996121787,20260324_150532_829410_cam1.png pred=NG NG: 密封圈1 diff=-73.6073 match=617.2ms infer=430.5ms,C:\Users\goney\Desktop\MatchTemplate2\EmbeddingTest\.qr_session\20261026_250A\runtime_capture\20260324_150532_829410_cam1.png,430.51430000923574,617.2045999992406,NG,1,cam1:NG,21.420799996121787,2026-03-24T15:05:34,430.51430000923574,shared_backbone_register,cam1,diff=0.2895 match=617.2ms infer=172.5ms,True,roi1,二次锁,{},OK,roi1,meanhsv_s,cam1,diff=-73.6073 match=617.2ms infer=130.1ms,True,roi2,密封圈1,{},NG,roi2,meanintensity,cam1,diff=22.5779 match=617.2ms infer=127.9ms,True,roi3,密封圈2,{},OK,roi3,3,"[{""item_id"": ""roi1"", ""display_name"": ""二次锁"", ""camera_id"": ""cam1"", ""roi_label"": ""roi1"", ""algorithm_code"": ""shared_backbone_register"", ""enabled"": true, ""params"": {}, ""result"": ""OK"", ""detail"": ""diff=0.2895 match=617.2ms infer=172.5ms""}, {""item_id"": ""roi2"", ""display_name"": ""密封圈1"", ""camera_id"": ""cam1"", ""roi_label"": ""roi2"", ""algorithm_code"": ""meanhsv_s"", ""enabled"": true, ""params"": {}, ""result"": ""NG"", ""detail"": ""diff=-73.6073 match=617.2ms infer=130.1ms""}, {""item_id"": ""roi3"", ""display_name"": ""密封圈2"", ""camera_id"": ""cam1"", ""roi_label"": ""roi3"", ""algorithm_code"": ""meanintensity"", ""enabled"": true, ""params"": {}, ""result"": ""OK"", ""detail"": ""diff=22.5779 match=617.2ms infer=127.9ms""}]",二次锁:OK; 密封圈1:NG; 密封圈2:OK,617.2045999992406,runtime_20260324_150534_396100
2026-03-24 15:05:38,20261026_250A,line2dup_recipe.json,,NG,NG,,1600,False,,,False,False,,21.939199999906123,20260324_150536_596844_cam1.png pred=NG NG: 密封圈1 diff=-77.7969 match=742.7ms infer=438.8ms,C:\Users\goney\Desktop\MatchTemplate2\EmbeddingTest\.qr_session\20261026_250A\runtime_capture\20260324_150536_596844_cam1.png,438.7971000105608,742.6639000041177,NG,1,cam1:NG,21.939199999906123,2026-03-24T15:05:38,438.7971000105608,shared_backbone_register,cam1,diff=0.2962 match=742.7ms infer=177.0ms,True,roi1,二次锁,{},OK,roi1,meanhsv_s,cam1,diff=-77.7969 match=742.7ms infer=139.1ms,True,roi2,密封圈1,{},NG,roi2,meanintensity,cam1,diff=18.4267 match=742.7ms infer=122.7ms,True,roi3,密封圈2,{},OK,roi3,3,"[{""item_id"": ""roi1"", ""display_name"": ""二次锁"", ""camera_id"": ""cam1"", ""roi_label"": ""roi1"", ""algorithm_code"": ""shared_backbone_register"", ""enabled"": true, ""params"": {}, ""result"": ""OK"", ""detail"": ""diff=0.2962 match=742.7ms infer=177.0ms""}, {""item_id"": ""roi2"", ""display_name"": ""密封圈1"", ""camera_id"": ""cam1"", ""roi_label"": ""roi2"", ""algorithm_code"": ""meanhsv_s"", ""enabled"": true, ""params"": {}, ""result"": ""NG"", ""detail"": ""diff=-77.7969 match=742.7ms infer=139.1ms""}, {""item_id"": ""roi3"", ""display_name"": ""密封圈2"", ""camera_id"": ""cam1"", ""roi_label"": ""roi3"", ""algorithm_code"": ""meanintensity"", ""enabled"": true, ""params"": {}, ""result"": ""OK"", ""detail"": ""diff=18.4267 match=742.7ms infer=122.7ms""}]",二次锁:OK; 密封圈1:NG; 密封圈2:OK,742.6639000041177,runtime_20260324_150538_309526
2026-03-24 15:05:41,20261026_250A,line2dup_recipe.json,,NG,NG,,1493,False,,,False,False,,21.85279999685008,20260324_150540_368136_cam1.png pred=NG NG: 密封圈1 diff=-73.5121 match=620.8ms infer=435.7ms,C:\Users\goney\Desktop\MatchTemplate2\EmbeddingTest\.qr_session\20261026_250A\runtime_capture\20260324_150540_368136_cam1.png,435.66080000891816,620.757999990019,NG,1,cam1:NG,21.85279999685008,2026-03-24T15:05:41,435.66080000891816,shared_backbone_register,cam1,diff=0.3380 match=620.8ms infer=171.0ms,True,roi1,二次锁,{},OK,roi1,meanhsv_s,cam1,diff=-73.5121 match=620.8ms infer=136.7ms,True,roi2,密封圈1,{},NG,roi2,meanintensity,cam1,diff=21.5950 match=620.8ms infer=128.0ms,True,roi3,密封圈2,{},OK,roi3,3,"[{""item_id"": ""roi1"", ""display_name"": ""二次锁"", ""camera_id"": ""cam1"", ""roi_label"": ""roi1"", ""algorithm_code"": ""shared_backbone_register"", ""enabled"": true, ""params"": {}, ""result"": ""OK"", ""detail"": ""diff=0.3380 match=620.8ms infer=171.0ms""}, {""item_id"": ""roi2"", ""display_name"": ""密封圈1"", ""camera_id"": ""cam1"", ""roi_label"": ""roi2"", ""algorithm_code"": ""meanhsv_s"", ""enabled"": true, ""params"": {}, ""result"": ""NG"", ""detail"": ""diff=-73.5121 match=620.8ms infer=136.7ms""}, {""item_id"": ""roi3"", ""display_name"": ""密封圈2"", ""camera_id"": ""cam1"", ""roi_label"": ""roi3"", ""algorithm_code"": ""meanintensity"", ""enabled"": true, ""params"": {}, ""result"": ""OK"", ""detail"": ""diff=21.5950 match=620.8ms infer=128.0ms""}]",二次锁:OK; 密封圈1:NG; 密封圈2:OK,620.757999990019,runtime_20260324_150541_977304
2026-03-24 15:05:46,20261026_250A,line2dup_recipe.json,,NG,NG,,1539,False,,,False,False,,21.806399992783554,20260324_150544_852447_cam1.png pred=NG NG: 密封圈1 diff=-80.2248 match=682.3ms infer=429.4ms,C:\Users\goney\Desktop\MatchTemplate2\EmbeddingTest\.qr_session\20261026_250A\runtime_capture\20260324_150544_852447_cam1.png,429.43999999260996,682.2737000038614,NG,1,cam1:NG,21.806399992783554,2026-03-24T15:05:46,429.43999999260996,shared_backbone_register,cam1,diff=0.3088 match=682.3ms infer=159.7ms,True,roi1,二次锁,{},OK,roi1,meanhsv_s,cam1,diff=-80.2248 match=682.3ms infer=130.9ms,True,roi2,密封圈1,{},NG,roi2,meanintensity,cam1,diff=13.1580 match=682.3ms infer=138.8ms,True,roi3,密封圈2,{},OK,roi3,3,"[{""item_id"": ""roi1"", ""display_name"": ""二次锁"", ""camera_id"": ""cam1"", ""roi_label"": ""roi1"", ""algorithm_code"": ""shared_backbone_register"", ""enabled"": true, ""params"": {}, ""result"": ""OK"", ""detail"": ""diff=0.3088 match=682.3ms infer=159.7ms""}, {""item_id"": ""roi2"", ""display_name"": ""密封圈1"", ""camera_id"": ""cam1"", ""roi_label"": ""roi2"", ""algorithm_code"": ""meanhsv_s"", ""enabled"": true, ""params"": {}, ""result"": ""NG"", ""detail"": ""diff=-80.2248 match=682.3ms infer=130.9ms""}, {""item_id"": ""roi3"", ""display_name"": ""密封圈2"", ""camera_id"": ""cam1"", ""roi_label"": ""roi3"", ""algorithm_code"": ""meanintensity"", ""enabled"": true, ""params"": {}, ""result"": ""OK"", ""detail"": ""diff=13.1580 match=682.3ms infer=138.8ms""}]",二次锁:OK; 密封圈1:NG; 密封圈2:OK,682.2737000038614,runtime_20260324_150546_517189
2026-03-24 15:05:50,20261026_250A,line2dup_recipe.json,,NG,NG,,1512,False,,,False,False,,21.742800003266893,20260324_150548_419552_cam1.png pred=NG NG: 密封圈1 diff=-80.5286 match=652.7ms infer=432.3ms,C:\Users\goney\Desktop\MatchTemplate2\EmbeddingTest\.qr_session\20261026_250A\runtime_capture\20260324_150548_419552_cam1.png,432.2550000215415,652.7496999915456,NG,1,cam1:NG,21.742800003266893,2026-03-24T15:05:50,432.2550000215415,shared_backbone_register,cam1,diff=0.3117 match=652.7ms infer=171.9ms,True,roi1,二次锁,{},OK,roi1,meanhsv_s,cam1,diff=-80.5286 match=652.7ms infer=131.0ms,True,roi2,密封圈1,{},NG,roi2,meanintensity,cam1,diff=13.0964 match=652.7ms infer=129.4ms,True,roi3,密封圈2,{},OK,roi3,3,"[{""item_id"": ""roi1"", ""display_name"": ""二次锁"", ""camera_id"": ""cam1"", ""roi_label"": ""roi1"", ""algorithm_code"": ""shared_backbone_register"", ""enabled"": true, ""params"": {}, ""result"": ""OK"", ""detail"": ""diff=0.3117 match=652.7ms infer=171.9ms""}, {""item_id"": ""roi2"", ""display_name"": ""密封圈1"", ""camera_id"": ""cam1"", ""roi_label"": ""roi2"", ""algorithm_code"": ""meanhsv_s"", ""enabled"": true, ""params"": {}, ""result"": ""NG"", ""detail"": ""diff=-80.5286 match=652.7ms infer=131.0ms""}, {""item_id"": ""roi3"", ""display_name"": ""密封圈2"", ""camera_id"": ""cam1"", ""roi_label"": ""roi3"", ""algorithm_code"": ""meanintensity"", ""enabled"": true, ""params"": {}, ""result"": ""OK"", ""detail"": ""diff=13.0964 match=652.7ms infer=129.4ms""}]",二次锁:OK; 密封圈1:NG; 密封圈2:OK,652.7496999915456,runtime_20260324_150550_050166
2026-03-24 15:06:02,20261026_250A,line2dup_recipe.json,,NG,NG,,1494,False,,,False,False,,21.73199999378994,"20260324_150601_371344_cam1.png pred=NG NG: 密封圈1, 密封圈2 match=620.1ms infer=448.6ms",C:\Users\goney\Desktop\MatchTemplate2\EmbeddingTest\.qr_session\20261026_250A\runtime_capture\20260324_150601_371344_cam1.png,448.5696000047028,620.13609999849,NG,1,cam1:NG,21.73199999378994,2026-03-24T15:06:02,448.5696000047028,shared_backbone_register,cam1,diff=0.3341 match=620.1ms infer=170.1ms,True,roi1,二次锁,{},OK,roi1,meanhsv_s,cam1,diff=-86.7574 match=620.1ms infer=140.3ms,True,roi2,密封圈1,{},NG,roi2,meanintensity,cam1,diff=-36.1929 match=620.1ms infer=138.2ms,True,roi3,密封圈2,{},NG,roi3,3,"[{""item_id"": ""roi1"", ""display_name"": ""二次锁"", ""camera_id"": ""cam1"", ""roi_label"": ""roi1"", ""algorithm_code"": ""shared_backbone_register"", ""enabled"": true, ""params"": {}, ""result"": ""OK"", ""detail"": ""diff=0.3341 match=620.1ms infer=170.1ms""}, {""item_id"": ""roi2"", ""display_name"": ""密封圈1"", ""camera_id"": ""cam1"", ""roi_label"": ""roi2"", ""algorithm_code"": ""meanhsv_s"", ""enabled"": true, ""params"": {}, ""result"": ""NG"", ""detail"": ""diff=-86.7574 match=620.1ms infer=140.3ms""}, {""item_id"": ""roi3"", ""display_name"": ""密封圈2"", ""camera_id"": ""cam1"", ""roi_label"": ""roi3"", ""algorithm_code"": ""meanintensity"", ""enabled"": true, ""params"": {}, ""result"": ""NG"", ""detail"": ""diff=-36.1929 match=620.1ms infer=138.2ms""}]",二次锁:OK; 密封圈1:NG; 密封圈2:NG,620.13609999849,runtime_20260324_150602_973201
2026-03-24 15:06:09,20261026_250A,line2dup_recipe.json,,NG,NG,,1477,False,,,False,False,,21.66159999615047,"20260324_150608_251620_cam1.png pred=NG NG: 密封圈1, 密封圈2 match=611.0ms infer=435.6ms",C:\Users\goney\Desktop\MatchTemplate2\EmbeddingTest\.qr_session\20261026_250A\runtime_capture\20260324_150608_251620_cam1.png,435.6295999896247,610.9667999990052,NG,1,cam1:NG,21.66159999615047,2026-03-24T15:06:09,435.6295999896247,shared_backbone_register,cam1,diff=0.3425 match=611.0ms infer=173.6ms,True,roi1,二次锁,{},OK,roi1,meanhsv_s,cam1,diff=-92.3944 match=611.0ms infer=144.0ms,True,roi2,密封圈1,{},NG,roi2,meanintensity,cam1,diff=-24.2393 match=611.0ms infer=118.0ms,True,roi3,密封圈2,{},NG,roi3,3,"[{""item_id"": ""roi1"", ""display_name"": ""二次锁"", ""camera_id"": ""cam1"", ""roi_label"": ""roi1"", ""algorithm_code"": ""shared_backbone_register"", ""enabled"": true, ""params"": {}, ""result"": ""OK"", ""detail"": ""diff=0.3425 match=611.0ms infer=173.6ms""}, {""item_id"": ""roi2"", ""display_name"": ""密封圈1"", ""camera_id"": ""cam1"", ""roi_label"": ""roi2"", ""algorithm_code"": ""meanhsv_s"", ""enabled"": true, ""params"": {}, ""result"": ""NG"", ""detail"": ""diff=-92.3944 match=611.0ms infer=144.0ms""}, {""item_id"": ""roi3"", ""display_name"": ""密封圈2"", ""camera_id"": ""cam1"", ""roi_label"": ""roi3"", ""algorithm_code"": ""meanintensity"", ""enabled"": true, ""params"": {}, ""result"": ""NG"", ""detail"": ""diff=-24.2393 match=611.0ms infer=118.0ms""}]",二次锁:OK; 密封圈1:NG; 密封圈2:NG,610.9667999990052,runtime_20260324_150609_832004
2026-03-24 15:06:14,20261026_250A,line2dup_recipe.json,,NG,NG,,1373,False,,,False,False,,22.0990000088932,"20260324_150612_572548_cam1.png pred=NG NG: 密封圈1, 密封圈2 match=522.9ms infer=424.6ms",C:\Users\goney\Desktop\MatchTemplate2\EmbeddingTest\.qr_session\20261026_250A\runtime_capture\20260324_150612_572548_cam1.png,424.5894000050612,522.8849999984959,NG,1,cam1:NG,22.0990000088932,2026-03-24T15:06:14,424.5894000050612,shared_backbone_register,cam1,diff=0.2922 match=522.9ms infer=176.3ms,True,roi1,二次锁,{},OK,roi1,meanhsv_s,cam1,diff=-83.0908 match=522.9ms infer=125.0ms,True,roi2,密封圈1,{},NG,roi2,meanintensity,cam1,diff=-28.9613 match=522.9ms infer=123.3ms,True,roi3,密封圈2,{},NG,roi3,3,"[{""item_id"": ""roi1"", ""display_name"": ""二次锁"", ""camera_id"": ""cam1"", ""roi_label"": ""roi1"", ""algorithm_code"": ""shared_backbone_register"", ""enabled"": true, ""params"": {}, ""result"": ""OK"", ""detail"": ""diff=0.2922 match=522.9ms infer=176.3ms""}, {""item_id"": ""roi2"", ""display_name"": ""密封圈1"", ""camera_id"": ""cam1"", ""roi_label"": ""roi2"", ""algorithm_code"": ""meanhsv_s"", ""enabled"": true, ""params"": {}, ""result"": ""NG"", ""detail"": ""diff=-83.0908 match=522.9ms infer=125.0ms""}, {""item_id"": ""roi3"", ""display_name"": ""密封圈2"", ""camera_id"": ""cam1"", ""roi_label"": ""roi3"", ""algorithm_code"": ""meanintensity"", ""enabled"": true, ""params"": {}, ""result"": ""NG"", ""detail"": ""diff=-28.9613 match=522.9ms infer=123.3ms""}]",二次锁:OK; 密封圈1:NG; 密封圈2:NG,522.8849999984959,runtime_20260324_150614_068044
2026-03-24 15:06:17,20261026_250A,line2dup_recipe.json,,NG,NG,,1414,False,,,False,False,,22.103099996456876,"20260324_150616_185630_cam1.png pred=NG NG: 密封圈1, 密封圈2 match=551.6ms infer=437.4ms",C:\Users\goney\Desktop\MatchTemplate2\EmbeddingTest\.qr_session\20261026_250A\runtime_capture\20260324_150616_185630_cam1.png,437.3695999966003,551.638400007505,NG,1,cam1:NG,22.103099996456876,2026-03-24T15:06:17,437.3695999966003,shared_backbone_register,cam1,diff=0.3260 match=551.6ms infer=166.4ms,True,roi1,二次锁,{},OK,roi1,meanhsv_s,cam1,diff=-76.8840 match=551.6ms infer=137.1ms,True,roi2,密封圈1,{},NG,roi2,meanintensity,cam1,diff=-28.6866 match=551.6ms infer=133.9ms,True,roi3,密封圈2,{},NG,roi3,3,"[{""item_id"": ""roi1"", ""display_name"": ""二次锁"", ""camera_id"": ""cam1"", ""roi_label"": ""roi1"", ""algorithm_code"": ""shared_backbone_register"", ""enabled"": true, ""params"": {}, ""result"": ""OK"", ""detail"": ""diff=0.3260 match=551.6ms infer=166.4ms""}, {""item_id"": ""roi2"", ""display_name"": ""密封圈1"", ""camera_id"": ""cam1"", ""roi_label"": ""roi2"", ""algorithm_code"": ""meanhsv_s"", ""enabled"": true, ""params"": {}, ""result"": ""NG"", ""detail"": ""diff=-76.8840 match=551.6ms infer=137.1ms""}, {""item_id"": ""roi3"", ""display_name"": ""密封圈2"", ""camera_id"": ""cam1"", ""roi_label"": ""roi3"", ""algorithm_code"": ""meanintensity"", ""enabled"": true, ""params"": {}, ""result"": ""NG"", ""detail"": ""diff=-28.6866 match=551.6ms infer=133.9ms""}]",二次锁:OK; 密封圈1:NG; 密封圈2:NG,551.638400007505,runtime_20260324_150617_723056
2026-03-24 15:06:21,20261026_250A,line2dup_recipe.json,,NG,NG,,1281,False,,,False,False,,21.286900009727105,"20260324_150619_727028_cam1.png pred=NG NG: 密封圈1, 密封圈2 match=433.4ms infer=427.7ms",C:\Users\goney\Desktop\MatchTemplate2\EmbeddingTest\.qr_session\20261026_250A\runtime_capture\20260324_150619_727028_cam1.png,427.71830000856426,433.40889998944476,NG,1,cam1:NG,21.286900009727105,2026-03-24T15:06:21,427.71830000856426,shared_backbone_register,cam1,diff=0.3009 match=433.4ms infer=174.4ms,True,roi1,二次锁,{},OK,roi1,meanhsv_s,cam1,diff=-81.9395 match=433.4ms infer=131.0ms,True,roi2,密封圈1,{},NG,roi2,meanintensity,cam1,diff=-27.1114 match=433.4ms infer=122.3ms,True,roi3,密封圈2,{},NG,roi3,3,"[{""item_id"": ""roi1"", ""display_name"": ""二次锁"", ""camera_id"": ""cam1"", ""roi_label"": ""roi1"", ""algorithm_code"": ""shared_backbone_register"", ""enabled"": true, ""params"": {}, ""result"": ""OK"", ""detail"": ""diff=0.3009 match=433.4ms infer=174.4ms""}, {""item_id"": ""roi2"", ""display_name"": ""密封圈1"", ""camera_id"": ""cam1"", ""roi_label"": ""roi2"", ""algorithm_code"": ""meanhsv_s"", ""enabled"": true, ""params"": {}, ""result"": ""NG"", ""detail"": ""diff=-81.9395 match=433.4ms infer=131.0ms""}, {""item_id"": ""roi3"", ""display_name"": ""密封圈2"", ""camera_id"": ""cam1"", ""roi_label"": ""roi3"", ""algorithm_code"": ""meanintensity"", ""enabled"": true, ""params"": {}, ""result"": ""NG"", ""detail"": ""diff=-27.1114 match=433.4ms infer=122.3ms""}]",二次锁:OK; 密封圈1:NG; 密封圈2:NG,433.40889998944476,runtime_20260324_150621_129409
2026-03-24 15:06:23,20261026_250A,line2dup_recipe.json,,NG,NG,,1318,False,,,False,False,,22.000800003297627,"20260324_150622_284548_cam1.png pred=NG NG: 密封圈1, 密封圈2 match=443.3ms infer=430.7ms",C:\Users\goney\Desktop\MatchTemplate2\EmbeddingTest\.qr_session\20261026_250A\runtime_capture\20260324_150622_284548_cam1.png,430.73659999936353,443.2723000063561,NG,1,cam1:NG,22.000800003297627,2026-03-24T15:06:23,430.73659999936353,shared_backbone_register,cam1,diff=0.3033 match=443.3ms infer=170.9ms,True,roi1,二次锁,{},OK,roi1,meanhsv_s,cam1,diff=-81.8305 match=443.3ms infer=133.2ms,True,roi2,密封圈1,{},NG,roi2,meanintensity,cam1,diff=-26.3624 match=443.3ms infer=126.7ms,True,roi3,密封圈2,{},NG,roi3,3,"[{""item_id"": ""roi1"", ""display_name"": ""二次锁"", ""camera_id"": ""cam1"", ""roi_label"": ""roi1"", ""algorithm_code"": ""shared_backbone_register"", ""enabled"": true, ""params"": {}, ""result"": ""OK"", ""detail"": ""diff=0.3033 match=443.3ms infer=170.9ms""}, {""item_id"": ""roi2"", ""display_name"": ""密封圈1"", ""camera_id"": ""cam1"", ""roi_label"": ""roi2"", ""algorithm_code"": ""meanhsv_s"", ""enabled"": true, ""params"": {}, ""result"": ""NG"", ""detail"": ""diff=-81.8305 match=443.3ms infer=133.2ms""}, {""item_id"": ""roi3"", ""display_name"": ""密封圈2"", ""camera_id"": ""cam1"", ""roi_label"": ""roi3"", ""algorithm_code"": ""meanintensity"", ""enabled"": true, ""params"": {}, ""result"": ""NG"", ""detail"": ""diff=-26.3624 match=443.3ms infer=126.7ms""}]",二次锁:OK; 密封圈1:NG; 密封圈2:NG,443.2723000063561,runtime_20260324_150623_734251
2026-03-24 15:06:27,20261026_250A,line2dup_recipe.json,,NG,NG,,1437,False,,,False,False,,21.64489999995567,"20260324_150625_438757_cam1.png pred=NG NG: 密封圈1, 密封圈2 match=541.7ms infer=463.0ms",C:\Users\goney\Desktop\MatchTemplate2\EmbeddingTest\.qr_session\20261026_250A\runtime_capture\20260324_150625_438757_cam1.png,463.0315999966115,541.6747999988729,NG,1,cam1:NG,21.64489999995567,2026-03-24T15:06:27,463.0315999966115,shared_backbone_register,cam1,diff=0.3554 match=541.7ms infer=195.3ms,True,roi1,二次锁,{},OK,roi1,meanhsv_s,cam1,diff=-72.5176 match=541.7ms infer=134.9ms,True,roi2,密封圈1,{},NG,roi2,meanintensity,cam1,diff=-23.9533 match=541.7ms infer=132.8ms,True,roi3,密封圈2,{},NG,roi3,3,"[{""item_id"": ""roi1"", ""display_name"": ""二次锁"", ""camera_id"": ""cam1"", ""roi_label"": ""roi1"", ""algorithm_code"": ""shared_backbone_register"", ""enabled"": true, ""params"": {}, ""result"": ""OK"", ""detail"": ""diff=0.3554 match=541.7ms infer=195.3ms""}, {""item_id"": ""roi2"", ""display_name"": ""密封圈1"", ""camera_id"": ""cam1"", ""roi_label"": ""roi2"", ""algorithm_code"": ""meanhsv_s"", ""enabled"": true, ""params"": {}, ""result"": ""NG"", ""detail"": ""diff=-72.5176 match=541.7ms infer=134.9ms""}, {""item_id"": ""roi3"", ""display_name"": ""密封圈2"", ""camera_id"": ""cam1"", ""roi_label"": ""roi3"", ""algorithm_code"": ""meanintensity"", ""enabled"": true, ""params"": {}, ""result"": ""NG"", ""detail"": ""diff=-23.9533 match=541.7ms infer=132.8ms""}]",二次锁:OK; 密封圈1:NG; 密封圈2:NG,541.6747999988729,runtime_20260324_150627_012138
2026-03-24 15:06:29,20261026_250A,line2dup_recipe.json,,NG,NG,,1312,False,,,False,False,,21.45879999443423,"20260324_150628_192508_cam1.png pred=NG NG: 密封圈1, 密封圈2 match=451.0ms infer=423.5ms",C:\Users\goney\Desktop\MatchTemplate2\EmbeddingTest\.qr_session\20261026_250A\runtime_capture\20260324_150628_192508_cam1.png,423.52670000400394,451.0444000043208,NG,1,cam1:NG,21.45879999443423,2026-03-24T15:06:29,423.52670000400394,shared_backbone_register,cam1,diff=0.3523 match=451.0ms infer=164.7ms,True,roi1,二次锁,{},OK,roi1,meanhsv_s,cam1,diff=-72.4633 match=451.0ms infer=133.1ms,True,roi2,密封圈1,{},NG,roi2,meanintensity,cam1,diff=-23.8851 match=451.0ms infer=125.8ms,True,roi3,密封圈2,{},NG,roi3,3,"[{""item_id"": ""roi1"", ""display_name"": ""二次锁"", ""camera_id"": ""cam1"", ""roi_label"": ""roi1"", ""algorithm_code"": ""shared_backbone_register"", ""enabled"": true, ""params"": {}, ""result"": ""OK"", ""detail"": ""diff=0.3523 match=451.0ms infer=164.7ms""}, {""item_id"": ""roi2"", ""display_name"": ""密封圈1"", ""camera_id"": ""cam1"", ""roi_label"": ""roi2"", ""algorithm_code"": ""meanhsv_s"", ""enabled"": true, ""params"": {}, ""result"": ""NG"", ""detail"": ""diff=-72.4633 match=451.0ms infer=133.1ms""}, {""item_id"": ""roi3"", ""display_name"": ""密封圈2"", ""camera_id"": ""cam1"", ""roi_label"": ""roi3"", ""algorithm_code"": ""meanintensity"", ""enabled"": true, ""params"": {}, ""result"": ""NG"", ""detail"": ""diff=-23.8851 match=451.0ms infer=125.8ms""}]",二次锁:OK; 密封圈1:NG; 密封圈2:NG,451.0444000043208,runtime_20260324_150629_626917
2026-03-24 15:06:39,20261026_250A,line2dup_recipe.json,,NG,NG,,1386,False,,,False,False,,21.95120000396855,"20260324_150637_586922_cam1.png pred=NG NG: 密封圈1, 密封圈2 match=515.1ms infer=438.8ms",C:\Users\goney\Desktop\MatchTemplate2\EmbeddingTest\.qr_session\20261026_250A\runtime_capture\20260324_150637_586922_cam1.png,438.81649999821093,515.1164999988396,NG,1,cam1:NG,21.95120000396855,2026-03-24T15:06:39,438.81649999821093,shared_backbone_register,cam1,diff=0.2928 match=515.1ms infer=178.8ms,True,roi1,二次锁,{},OK,roi1,meanhsv_s,cam1,diff=-70.2898 match=515.1ms infer=131.5ms,True,roi2,密封圈1,{},NG,roi2,meanintensity,cam1,diff=-23.6373 match=515.1ms infer=128.4ms,True,roi3,密封圈2,{},NG,roi3,3,"[{""item_id"": ""roi1"", ""display_name"": ""二次锁"", ""camera_id"": ""cam1"", ""roi_label"": ""roi1"", ""algorithm_code"": ""shared_backbone_register"", ""enabled"": true, ""params"": {}, ""result"": ""OK"", ""detail"": ""diff=0.2928 match=515.1ms infer=178.8ms""}, {""item_id"": ""roi2"", ""display_name"": ""密封圈1"", ""camera_id"": ""cam1"", ""roi_label"": ""roi2"", ""algorithm_code"": ""meanhsv_s"", ""enabled"": true, ""params"": {}, ""result"": ""NG"", ""detail"": ""diff=-70.2898 match=515.1ms infer=131.5ms""}, {""item_id"": ""roi3"", ""display_name"": ""密封圈2"", ""camera_id"": ""cam1"", ""roi_label"": ""roi3"", ""algorithm_code"": ""meanintensity"", ""enabled"": true, ""params"": {}, ""result"": ""NG"", ""detail"": ""diff=-23.6373 match=515.1ms infer=128.4ms""}]",二次锁:OK; 密封圈1:NG; 密封圈2:NG,515.1164999988396,runtime_20260324_150639_090193
2026-03-24 17:53:36,20261026_250A,line2dup_recipe.json,,NG,NG,,1605,False,,,False,False,,107.47950000222772,"20260324_175334_945619_cam1.png pred=NG NG: 二次锁, 密封圈2 match=689.1ms infer=416.2ms",C:\Users\goney\Desktop\MatchTemplate2\EmbeddingTest\.qr_session\20261026_250A\runtime_capture\20260324_175334_945619_cam1.png,416.2406999967061,689.0852000069572,NG,1,cam1:NG,107.47950000222772,2026-03-24T17:53:36,416.2406999967061,shared_backbone_register,cam1,diff=-0.0090 match=689.1ms infer=163.8ms,True,roi1,二次锁,{},NG,roi1,meanhsv_s,cam1,diff=83.6850 match=689.1ms infer=125.7ms,True,roi2,密封圈1,{},OK,roi2,meanintensity,cam1,diff=-46.4176 match=689.1ms infer=126.8ms,True,roi3,密封圈2,{},NG,roi3,3,"[{""item_id"": ""roi1"", ""display_name"": ""二次锁"", ""camera_id"": ""cam1"", ""roi_label"": ""roi1"", ""algorithm_code"": ""shared_backbone_register"", ""enabled"": true, ""params"": {}, ""result"": ""NG"", ""detail"": ""diff=-0.0090 match=689.1ms infer=163.8ms""}, {""item_id"": ""roi2"", ""display_name"": ""密封圈1"", ""camera_id"": ""cam1"", ""roi_label"": ""roi2"", ""algorithm_code"": ""meanhsv_s"", ""enabled"": true, ""params"": {}, ""result"": ""OK"", ""detail"": ""diff=83.6850 match=689.1ms infer=125.7ms""}, {""item_id"": ""roi3"", ""display_name"": ""密封圈2"", ""camera_id"": ""cam1"", ""roi_label"": ""roi3"", ""algorithm_code"": ""meanintensity"", ""enabled"": true, ""params"": {}, ""result"": ""NG"", ""detail"": ""diff=-46.4176 match=689.1ms infer=126.8ms""}]",二次锁:NG; 密封圈1:OK; 密封圈2:NG,689.0852000069572,runtime_20260324_175336_582098
2026-03-24 17:53:55,20261026_250A,line2dup_recipe.json,,NG,NG,,1508,False,,,False,False,,21.500600007129833,20260324_175354_197789_cam1.png pred=NG NG: 密封圈2 diff=-42.6352 match=684.6ms infer=415.7ms,C:\Users\goney\Desktop\MatchTemplate2\EmbeddingTest\.qr_session\20261026_250A\runtime_capture\20260324_175354_197789_cam1.png,415.7384999853093,684.5806999917841,NG,1,cam1:NG,21.500600007129833,2026-03-24T17:53:55,415.7384999853093,shared_backbone_register,cam1,diff=0.3486 match=684.6ms infer=159.2ms,True,roi1,二次锁,{},OK,roi1,meanhsv_s,cam1,diff=55.1724 match=684.6ms infer=133.5ms,True,roi2,密封圈1,{},OK,roi2,meanintensity,cam1,diff=-42.6352 match=684.6ms infer=123.0ms,True,roi3,密封圈2,{},NG,roi3,3,"[{""item_id"": ""roi1"", ""display_name"": ""二次锁"", ""camera_id"": ""cam1"", ""roi_label"": ""roi1"", ""algorithm_code"": ""shared_backbone_register"", ""enabled"": true, ""params"": {}, ""result"": ""OK"", ""detail"": ""diff=0.3486 match=684.6ms infer=159.2ms""}, {""item_id"": ""roi2"", ""display_name"": ""密封圈1"", ""camera_id"": ""cam1"", ""roi_label"": ""roi2"", ""algorithm_code"": ""meanhsv_s"", ""enabled"": true, ""params"": {}, ""result"": ""OK"", ""detail"": ""diff=55.1724 match=684.6ms infer=133.5ms""}, {""item_id"": ""roi3"", ""display_name"": ""密封圈2"", ""camera_id"": ""cam1"", ""roi_label"": ""roi3"", ""algorithm_code"": ""meanintensity"", ""enabled"": true, ""params"": {}, ""result"": ""NG"", ""detail"": ""diff=-42.6352 match=684.6ms infer=123.0ms""}]",二次锁:OK; 密封圈1:OK; 密封圈2:NG,684.5806999917841,runtime_20260324_175355_817739
2026-03-24 17:57:35,20261026_250A,line2dup_recipe.json,,NG,NG,,1806,False,,,False,False,,21.86940000683535,20260324_175733_658098_cam1.png pred=NG NG: 密封圈2 diff=-47.6485 match=929.7ms infer=465.8ms,C:\Users\goney\Desktop\MatchTemplate2\EmbeddingTest\.qr_session\20261026_250A\runtime_capture\20260324_175733_658098_cam1.png,465.83150001242757,929.6711000060895,NG,1,cam1:NG,21.86940000683535,2026-03-24T17:57:35,465.83150001242757,shared_backbone_register,cam1,diff=0.3591 match=929.7ms infer=183.6ms,True,roi1,二次锁,{},OK,roi1,meanhsv_s,cam1,diff=4.7034 match=929.7ms infer=152.6ms,True,roi2,密封圈1,{},OK,roi2,meanintensity,cam1,diff=-47.6485 match=929.7ms infer=129.7ms,True,roi3,密封圈2,{},NG,roi3,3,"[{""item_id"": ""roi1"", ""display_name"": ""二次锁"", ""camera_id"": ""cam1"", ""roi_label"": ""roi1"", ""algorithm_code"": ""shared_backbone_register"", ""enabled"": true, ""params"": {}, ""result"": ""OK"", ""detail"": ""diff=0.3591 match=929.7ms infer=183.6ms""}, {""item_id"": ""roi2"", ""display_name"": ""密封圈1"", ""camera_id"": ""cam1"", ""roi_label"": ""roi2"", ""algorithm_code"": ""meanhsv_s"", ""enabled"": true, ""params"": {}, ""result"": ""OK"", ""detail"": ""diff=4.7034 match=929.7ms infer=152.6ms""}, {""item_id"": ""roi3"", ""display_name"": ""密封圈2"", ""camera_id"": ""cam1"", ""roi_label"": ""roi3"", ""algorithm_code"": ""meanintensity"", ""enabled"": true, ""params"": {}, ""result"": ""NG"", ""detail"": ""diff=-47.6485 match=929.7ms infer=129.7ms""}]",二次锁:OK; 密封圈1:OK; 密封圈2:NG,929.6711000060895,runtime_20260324_175735_593224
2026-03-24 17:58:59,20261026_250A,line2dup_recipe.json,,NG,NG,,1491,False,,,False,False,,22.376199995051138,"20260324_175858_189894_cam1.png pred=NG NG: 二次锁, 密封圈1, 密封圈2 match=665.6ms infer=409.6ms",C:\Users\goney\Desktop\MatchTemplate2\EmbeddingTest\.qr_session\20261026_250A\runtime_capture\20260324_175858_189894_cam1.png,409.5909000025131,665.5591000017012,NG,1,cam1:NG,22.376199995051138,2026-03-24T17:58:59,409.5909000025131,shared_backbone_register,cam1,diff=-0.3998 match=665.6ms infer=163.3ms,True,roi1,二次锁,{},NG,roi1,meanhsv_s,cam1,diff=-68.8174 match=665.6ms infer=128.2ms,True,roi2,密封圈1,{},NG,roi2,meanintensity,cam1,diff=-19.9161 match=665.6ms infer=118.0ms,True,roi3,密封圈2,{},NG,roi3,3,"[{""item_id"": ""roi1"", ""display_name"": ""二次锁"", ""camera_id"": ""cam1"", ""roi_label"": ""roi1"", ""algorithm_code"": ""shared_backbone_register"", ""enabled"": true, ""params"": {}, ""result"": ""NG"", ""detail"": ""diff=-0.3998 match=665.6ms infer=163.3ms""}, {""item_id"": ""roi2"", ""display_name"": ""密封圈1"", ""camera_id"": ""cam1"", ""roi_label"": ""roi2"", ""algorithm_code"": ""meanhsv_s"", ""enabled"": true, ""params"": {}, ""result"": ""NG"", ""detail"": ""diff=-68.8174 match=665.6ms infer=128.2ms""}, {""item_id"": ""roi3"", ""display_name"": ""密封圈2"", ""camera_id"": ""cam1"", ""roi_label"": ""roi3"", ""algorithm_code"": ""meanintensity"", ""enabled"": true, ""params"": {}, ""result"": ""NG"", ""detail"": ""diff=-19.9161 match=665.6ms infer=118.0ms""}]",二次锁:NG; 密封圈1:NG; 密封圈2:NG,665.5591000017012,runtime_20260324_175859_793516
